episode,return,best_return,steps
1,-522.5831313257795,-522.5831313257795,65
2,-436.6363902917683,-436.6363902917683,63
3,-218.6052406636138,-218.6052406636138,82
4,-1032.8834899753992,-218.6052406636138,57
5,-649.276814779889,-218.6052406636138,99
6,-90.20559306688415,-90.20559306688415,75
7,-1948.1024364739171,-90.20559306688415,84
8,-590.2841902190355,-90.20559306688415,67
9,-188.00292941905036,-90.20559306688415,70
10,-680.3668550563427,-90.20559306688415,62
11,-608.6393766483718,-90.20559306688415,96
12,-987.0346701429069,-90.20559306688415,60
13,-939.700562052959,-90.20559306688415,46
14,-726.824648677836,-90.20559306688415,55
15,-22.02309450353505,-22.02309450353505,53
16,-415.8893386511377,-22.02309450353505,49
17,-779.2873591308016,-22.02309450353505,58
18,-2609.4475034299408,-22.02309450353505,117
19,-291.7388146749163,-22.02309450353505,93
20,-972.1312820523988,-22.02309450353505,75
21,-245.72460702265562,-22.02309450353505,69
22,-455.4156204406909,-22.02309450353505,68
23,-765.1889936731382,-22.02309450353505,48
24,-1558.2497939370364,-22.02309450353505,56
25,-1877.2265608213017,-22.02309450353505,55
26,-481.1094645741341,-22.02309450353505,52
27,9.191154269273738,9.191154269273738,52
28,-812.3358236067158,9.191154269273738,63
29,-770.3652077491333,9.191154269273738,95
30,-1360.156976540075,9.191154269273738,75
31,-242.71676518646677,9.191154269273738,89
32,1589.1581683652576,1589.1581683652576,174
33,-108.3269919093741,1589.1581683652576,48
34,165.29367824468045,1589.1581683652576,71
35,-876.8829284515218,1589.1581683652576,68
36,-532.1509579717219,1589.1581683652576,104
37,212.2700836596614,1589.1581683652576,56
38,-195.85516987266192,1589.1581683652576,63
39,-404.96137730338296,1589.1581683652576,95
40,42.43147780949835,1589.1581683652576,54
41,-256.8274209027222,1589.1581683652576,69
42,65.8989790138587,1589.1581683652576,76
43,-451.6230511696656,1589.1581683652576,61
44,16.234309790323096,1589.1581683652576,78
45,-659.4363026614869,1589.1581683652576,55
46,-158.73910197676992,1589.1581683652576,68
47,-282.81242648494117,1589.1581683652576,56
48,-516.8727166259871,1589.1581683652576,107
49,-650.7137162804429,1589.1581683652576,57
50,-1621.6466623764672,1589.1581683652576,83
51,-1017.3116701902693,1589.1581683652576,67
52,-296.89605661259634,1589.1581683652576,62
53,575.9072308056914,1589.1581683652576,107
54,-996.1553837123624,1589.1581683652576,69
55,-359.1482752604197,1589.1581683652576,120
56,-411.73809672173775,1589.1581683652576,90
57,-192.39567140807458,1589.1581683652576,87
58,56.69724666772413,1589.1581683652576,89
59,12.917889952577752,1589.1581683652576,55
60,-431.5829857546362,1589.1581683652576,69
61,-814.3720120331734,1589.1581683652576,98
62,-5.000736463231988,1589.1581683652576,74
63,-185.1944687599871,1589.1581683652576,69
64,-1034.4996075230247,1589.1581683652576,48
65,-490.2407358627893,1589.1581683652576,53
66,-322.5172995294904,1589.1581683652576,66
67,218.00989463546568,1589.1581683652576,70
68,-1185.3339502535257,1589.1581683652576,53
69,28.18795824494623,1589.1581683652576,57
70,-234.31070327571342,1589.1581683652576,50
71,375.1322487426726,1589.1581683652576,86
72,126.61363648805514,1589.1581683652576,69
73,-282.88429411238803,1589.1581683652576,70
74,-628.1038958540823,1589.1581683652576,47
75,-30.753952545790526,1589.1581683652576,44
76,-1377.7167728925647,1589.1581683652576,86
77,-949.1961173889852,1589.1581683652576,81
78,-311.18002436822576,1589.1581683652576,72
79,-1042.720859172423,1589.1581683652576,52
80,-678.7671675119284,1589.1581683652576,59
81,235.85010376954222,1589.1581683652576,80
82,127.98537266538187,1589.1581683652576,48
83,-1041.976789267381,1589.1581683652576,72
84,-506.5408293129817,1589.1581683652576,56
85,-1061.7856925005333,1589.1581683652576,51
86,-503.2336326566965,1589.1581683652576,72
87,46.464588004678944,1589.1581683652576,51
88,-204.00675059051218,1589.1581683652576,63
89,741.8811844367128,1589.1581683652576,84
90,-1199.5322195290044,1589.1581683652576,65
91,-946.1143936471997,1589.1581683652576,82
92,-708.3561821453347,1589.1581683652576,51
93,-144.0097178194003,1589.1581683652576,56
94,-437.289041169111,1589.1581683652576,59
95,-1470.0502522434276,1589.1581683652576,64
96,-547.159043701666,1589.1581683652576,108
97,-1128.4471751674348,1589.1581683652576,63
98,-975.0240515784474,1589.1581683652576,53
99,-188.75605879344857,1589.1581683652576,55
100,-676.8492976316882,1589.1581683652576,65
101,-754.2190985226721,1589.1581683652576,82
102,339.8274263192684,1589.1581683652576,66
103,-1022.0221695235437,1589.1581683652576,83
104,-176.99044461353424,1589.1581683652576,65
105,-729.4192861962683,1589.1581683652576,47
106,-51.89142685448951,1589.1581683652576,50
107,-919.7372376364697,1589.1581683652576,50
108,-636.0437444910858,1589.1581683652576,57
109,-1162.621805758622,1589.1581683652576,76
110,-855.5993519613098,1589.1581683652576,83
111,-925.2022729083217,1589.1581683652576,58
112,44.164249786925666,1589.1581683652576,66
113,-628.9467586991277,1589.1581683652576,56
114,-432.3660158097073,1589.1581683652576,57
115,-243.022280660997,1589.1581683652576,120
116,-444.5744265848043,1589.1581683652576,56
117,-1334.6249505656422,1589.1581683652576,65
118,-1712.2032473235643,1589.1581683652576,67
119,-190.11936818171012,1589.1581683652576,49
120,90.34642239198593,1589.1581683652576,70
121,53.131580225940525,1589.1581683652576,88
122,-499.29532890642304,1589.1581683652576,44
123,7.54958595345488,1589.1581683652576,85
124,-429.23741083335835,1589.1581683652576,114
125,102.50367096408763,1589.1581683652576,67
126,-11.265547258163224,1589.1581683652576,52
127,-554.3552092576674,1589.1581683652576,68
128,-397.47804348401405,1589.1581683652576,52
129,98.42613328108109,1589.1581683652576,71
130,316.1631482947628,1589.1581683652576,79
131,-433.29491195999117,1589.1581683652576,56
132,-589.660731775371,1589.1581683652576,55
133,-198.23235073711794,1589.1581683652576,54
134,231.52658055856296,1589.1581683652576,65
135,21.293051155719468,1589.1581683652576,62
136,-285.87817963391535,1589.1581683652576,69
137,34.61599201309218,1589.1581683652576,74
138,195.8262447885669,1589.1581683652576,138
139,-887.6251133827134,1589.1581683652576,114
140,-1047.62249685376,1589.1581683652576,74
141,-532.4122651180687,1589.1581683652576,53
142,-585.8934093262174,1589.1581683652576,47
143,-329.9548178746595,1589.1581683652576,56
144,-1224.81509154739,1589.1581683652576,78
145,-729.0874234014427,1589.1581683652576,51
146,117.60063383442662,1589.1581683652576,117
147,-1671.2179329581559,1589.1581683652576,74
148,-620.7232311626228,1589.1581683652576,141
149,-1919.214710744364,1589.1581683652576,152
150,1007.6254204784714,1589.1581683652576,90
151,-252.26363597977092,1589.1581683652576,56
152,-908.8988337319545,1589.1581683652576,91
153,-956.9380563351858,1589.1581683652576,48
154,-67.13968514472344,1589.1581683652576,107
155,-1020.0886215681517,1589.1581683652576,47
156,162.6700516532096,1589.1581683652576,116
157,-991.4821243029103,1589.1581683652576,68
158,-1287.9729049338987,1589.1581683652576,48
159,-557.7358005228705,1589.1581683652576,53
160,-111.30290345054254,1589.1581683652576,67
161,-143.32143336335912,1589.1581683652576,112
162,-681.3186771939131,1589.1581683652576,59
163,-166.8088275301002,1589.1581683652576,112
164,-433.09113092890266,1589.1581683652576,57
165,-1041.0687738627205,1589.1581683652576,91
166,-1103.5559620424324,1589.1581683652576,52
167,-527.9744712741749,1589.1581683652576,57
168,125.96891708905719,1589.1581683652576,53
169,-1050.710556994025,1589.1581683652576,119
170,-1262.316947294953,1589.1581683652576,108
171,-1892.1546544334462,1589.1581683652576,84
172,58.12778045891537,1589.1581683652576,64
173,-128.22549509024884,1589.1581683652576,62
174,-891.7680887962042,1589.1581683652576,118
175,-248.67093208613323,1589.1581683652576,57
176,-1905.4326908295502,1589.1581683652576,87
177,-1399.2790451636215,1589.1581683652576,136
178,-1233.2066049459954,1589.1581683652576,67
179,643.5779527922748,1589.1581683652576,89
180,-574.6882576369167,1589.1581683652576,62
181,-185.3978570607378,1589.1581683652576,53
182,129.0369509481186,1589.1581683652576,90
183,-639.4267732126054,1589.1581683652576,81
184,-142.88106988767163,1589.1581683652576,70
185,177.2218906193441,1589.1581683652576,73
186,147.83019391966945,1589.1581683652576,65
187,-636.9813339186726,1589.1581683652576,129
188,-821.2191234782183,1589.1581683652576,72
189,-291.49274113623187,1589.1581683652576,73
190,-1583.3998704882836,1589.1581683652576,93
191,106.74129963874202,1589.1581683652576,80
192,-665.5705952064172,1589.1581683652576,62
193,-759.5799942026265,1589.1581683652576,50
194,-799.5560514289318,1589.1581683652576,56
195,-221.4118479713411,1589.1581683652576,50
196,30.33000127690798,1589.1581683652576,54
197,-156.9315291248913,1589.1581683652576,53
198,-1041.2770607902014,1589.1581683652576,53
199,184.65232551869917,1589.1581683652576,150
200,-1052.2857915328173,1589.1581683652576,100
201,-537.241649088289,1589.1581683652576,145
202,-597.0186273941094,1589.1581683652576,104
203,-599.0922049262858,1589.1581683652576,71
204,-204.48263114559154,1589.1581683652576,63
205,91.58452864236051,1589.1581683652576,77
206,-105.02586292143519,1589.1581683652576,81
207,-147.00346010614703,1589.1581683652576,69
208,-1616.5061422113176,1589.1581683652576,50
209,32.11864658936793,1589.1581683652576,65
210,-214.20630898090394,1589.1581683652576,52
211,-172.37991245667126,1589.1581683652576,86
212,-350.88297829692783,1589.1581683652576,68
213,-321.3603671335816,1589.1581683652576,123
214,-1009.3381583091386,1589.1581683652576,81
215,-45.01794643940934,1589.1581683652576,54
216,12.801588173558912,1589.1581683652576,60
217,-62.32411674140985,1589.1581683652576,108
218,-455.7284308391668,1589.1581683652576,76
219,-82.2286524460742,1589.1581683652576,66
220,-471.10333895424105,1589.1581683652576,119
221,-509.92915784940647,1589.1581683652576,146
222,465.1658780727132,1589.1581683652576,113
223,92.31652026958113,1589.1581683652576,85
224,-361.578513858145,1589.1581683652576,56
225,-1479.219381576979,1589.1581683652576,101
226,-507.8838193422548,1589.1581683652576,57
227,-729.5105380081923,1589.1581683652576,73
228,-594.1996141662291,1589.1581683652576,63
229,-959.5099923332752,1589.1581683652576,63
230,-275.6807725048757,1589.1581683652576,144
231,-1397.7685851033934,1589.1581683652576,96
232,-20.77346638630661,1589.1581683652576,58
233,-23.308941084341313,1589.1581683652576,126
234,-101.97311269268687,1589.1581683652576,179
235,-495.3856996297502,1589.1581683652576,84
236,518.5138750508248,1589.1581683652576,178
237,71.0618018498883,1589.1581683652576,57
238,370.0438293596276,1589.1581683652576,83
239,-1204.6269216859534,1589.1581683652576,101
240,-316.87820692887203,1589.1581683652576,58
241,280.08198546649373,1589.1581683652576,77
242,-1078.550758176697,1589.1581683652576,54
243,-727.3888003019122,1589.1581683652576,56
244,408.9815048106233,1589.1581683652576,81
245,-438.7601547620584,1589.1581683652576,132
246,378.1697298761119,1589.1581683652576,124
247,114.75646677461009,1589.1581683652576,56
248,-1031.666498615732,1589.1581683652576,47
249,362.948957768577,1589.1581683652576,73
250,277.4979179648635,1589.1581683652576,132
251,-1259.0619984849131,1589.1581683652576,58
252,-796.6752200042513,1589.1581683652576,49
253,-867.9575028613231,1589.1581683652576,97
254,403.6089295628558,1589.1581683652576,86
255,119.15860018378066,1589.1581683652576,68
256,-63.75984963107794,1589.1581683652576,101
257,-1166.5803346066966,1589.1581683652576,123
258,229.933649939132,1589.1581683652576,58
259,-717.2305541174408,1589.1581683652576,51
260,-1427.3681411986513,1589.1581683652576,77
261,-592.945664037311,1589.1581683652576,53
262,497.03976879161496,1589.1581683652576,79
263,-1002.8953981787006,1589.1581683652576,75
264,449.34156410676997,1589.1581683652576,96
265,-265.05160239119095,1589.1581683652576,60
266,411.61678653140234,1589.1581683652576,61
267,-739.5914981357453,1589.1581683652576,53
268,137.41574235523217,1589.1581683652576,73
269,-883.4691133630038,1589.1581683652576,90
270,697.8313843684047,1589.1581683652576,118
271,-2005.1798515747332,1589.1581683652576,132
272,103.19077007990563,1589.1581683652576,90
273,-35.617548181780876,1589.1581683652576,78
274,510.6968131540134,1589.1581683652576,90
275,139.77351095301924,1589.1581683652576,71
276,-1570.571087264236,1589.1581683652576,69
277,-159.9529246045281,1589.1581683652576,52
278,379.8164220198844,1589.1581683652576,73
279,-284.8592644114119,1589.1581683652576,88
280,-116.33858260203192,1589.1581683652576,69
281,-1388.262674128635,1589.1581683652576,99
282,-1993.0771776041843,1589.1581683652576,103
283,-95.10703688463559,1589.1581683652576,57
284,-259.6269331204494,1589.1581683652576,160
285,-1863.2428225072667,1589.1581683652576,136
286,-688.1926794104193,1589.1581683652576,118
287,-440.42790753709437,1589.1581683652576,82
288,-400.8703903868561,1589.1581683652576,106
289,-89.04331768334214,1589.1581683652576,83
290,59.02432955584561,1589.1581683652576,87
291,293.40241066537635,1589.1581683652576,151
292,-654.4737534066023,1589.1581683652576,71
293,21.037534868924922,1589.1581683652576,99
294,-741.3447500969023,1589.1581683652576,110
295,-18.559226773583077,1589.1581683652576,49
296,-638.2196812422271,1589.1581683652576,46
297,-415.7454453398409,1589.1581683652576,73
298,-58.35149498352985,1589.1581683652576,50
299,-1180.1653062452929,1589.1581683652576,98
300,-1031.0642718051379,1589.1581683652576,77
301,503.42043491127697,1589.1581683652576,90
302,-540.5804630335588,1589.1581683652576,90
303,1010.4292586793865,1589.1581683652576,106
304,134.6955987778299,1589.1581683652576,88
305,405.8315005032225,1589.1581683652576,56
306,-1548.2708510148768,1589.1581683652576,91
307,-251.31998960486908,1589.1581683652576,68
308,-438.470274118833,1589.1581683652576,59
309,-567.9144568804752,1589.1581683652576,61
310,-907.549942911467,1589.1581683652576,76
311,385.1684880960986,1589.1581683652576,76
312,-187.34930895653793,1589.1581683652576,117
313,-190.40327533771347,1589.1581683652576,106
314,110.18089826280948,1589.1581683652576,97
315,39.416057674744934,1589.1581683652576,79
316,-497.041314029216,1589.1581683652576,122
317,464.57420104379526,1589.1581683652576,63
318,-250.81521530967075,1589.1581683652576,62
319,-1420.6945091337113,1589.1581683652576,103
320,151.20980714689927,1589.1581683652576,80
321,-809.2579658222774,1589.1581683652576,68
322,-935.9087447287529,1589.1581683652576,150
323,-893.5359509359646,1589.1581683652576,52
324,71.13417243281106,1589.1581683652576,85
325,344.0916142991091,1589.1581683652576,83
326,313.07391673920836,1589.1581683652576,127
327,-60.26221819659577,1589.1581683652576,66
328,-119.85018587156242,1589.1581683652576,87
329,-634.9189405069114,1589.1581683652576,103
330,-369.33630500087725,1589.1581683652576,116
331,348.89305867169764,1589.1581683652576,74
332,434.52152558597936,1589.1581683652576,85
333,148.31124522053028,1589.1581683652576,119
334,-27.11484105068007,1589.1581683652576,142
335,-804.757529732356,1589.1581683652576,141
336,-611.7295701318699,1589.1581683652576,50
337,434.6682646365605,1589.1581683652576,79
338,-780.7104209616862,1589.1581683652576,75
339,-140.4105958240266,1589.1581683652576,78
340,-224.90223107477232,1589.1581683652576,116
341,-32.00008745506125,1589.1581683652576,91
342,-314.4291001467518,1589.1581683652576,60
343,-1133.680456315084,1589.1581683652576,89
344,-120.49619571750554,1589.1581683652576,81
345,-587.3366341001981,1589.1581683652576,93
346,-142.12475471964945,1589.1581683652576,65
347,-1306.645885225506,1589.1581683652576,110
348,439.9955932864234,1589.1581683652576,115
349,-445.80381851105244,1589.1581683652576,52
350,198.64497960894482,1589.1581683652576,93
351,-551.2170517404095,1589.1581683652576,49
352,150.08284349903943,1589.1581683652576,171
353,43.08414322971157,1589.1581683652576,139
354,-531.6375555103787,1589.1581683652576,67
355,-544.8149589393154,1589.1581683652576,118
356,-491.19027339026434,1589.1581683652576,116
357,-336.3974162979439,1589.1581683652576,137
358,-209.97603032128313,1589.1581683652576,55
359,-1215.0490384146558,1589.1581683652576,58
360,-1351.0475858512839,1589.1581683652576,174
361,-1191.1489072718616,1589.1581683652576,91
362,52.42157727731137,1589.1581683652576,65
363,-26.43397599151649,1589.1581683652576,98
364,-1475.6736311151951,1589.1581683652576,141
365,-580.688998351507,1589.1581683652576,55
366,410.0904197385255,1589.1581683652576,126
367,-252.46441500859646,1589.1581683652576,76
368,-249.7950789337342,1589.1581683652576,49
369,-413.1836254557429,1589.1581683652576,50
370,-758.1650961890898,1589.1581683652576,83
371,-1287.0096145008968,1589.1581683652576,96
372,-696.0486545640542,1589.1581683652576,56
373,291.9195633532863,1589.1581683652576,82
374,-437.09103805214227,1589.1581683652576,52
375,141.8952188625508,1589.1581683652576,56
376,-157.68334991875327,1589.1581683652576,181
377,-594.3400413762809,1589.1581683652576,136
378,-1709.681576045351,1589.1581683652576,156
379,-344.214435338813,1589.1581683652576,92
380,550.6038503305235,1589.1581683652576,156
381,115.72312506018216,1589.1581683652576,119
382,-696.3551491629175,1589.1581683652576,84
383,368.9586416588918,1589.1581683652576,56
384,260.99981354064585,1589.1581683652576,169
385,44.14284135487537,1589.1581683652576,102
386,747.9908929109655,1589.1581683652576,125
387,-379.7441538127116,1589.1581683652576,124
388,-1536.801931971219,1589.1581683652576,137
389,-1825.3261334226413,1589.1581683652576,97
390,444.82889348734034,1589.1581683652576,100
391,-597.8392042917119,1589.1581683652576,62
392,-1718.401317657571,1589.1581683652576,175
393,-317.7227884733975,1589.1581683652576,108
394,-1136.206920279286,1589.1581683652576,114
395,-116.91176991166867,1589.1581683652576,152
396,-1812.5844703334792,1589.1581683652576,102
397,485.24411637246044,1589.1581683652576,55
398,-617.5774486017165,1589.1581683652576,121
399,-792.6214962274594,1589.1581683652576,157
400,-421.867365479005,1589.1581683652576,60
401,-439.7674276473456,1589.1581683652576,137
402,-86.96457674670637,1589.1581683652576,150
403,730.5326939288516,1589.1581683652576,110
404,234.25966834731696,1589.1581683652576,83
405,295.90380557403273,1589.1581683652576,202
406,-1948.3180723914911,1589.1581683652576,141
407,-198.5995736977875,1589.1581683652576,88
408,-474.6825940255469,1589.1581683652576,147
409,717.4345512504428,1589.1581683652576,75
410,-1352.6453855829286,1589.1581683652576,155
411,-334.013466088448,1589.1581683652576,50
412,-2303.5965653239136,1589.1581683652576,217
413,354.91598642635176,1589.1581683652576,133
414,-227.80697005806383,1589.1581683652576,152
415,-723.1102659396925,1589.1581683652576,111
416,-133.3042730596842,1589.1581683652576,59
417,995.7446652268432,1589.1581683652576,96
418,-1077.3271202540122,1589.1581683652576,151
419,332.5185977679896,1589.1581683652576,90
420,-79.78183855776115,1589.1581683652576,167
421,-343.1918593420062,1589.1581683652576,83
422,-1536.3845702397425,1589.1581683652576,106
423,-1070.7514579338228,1589.1581683652576,153
424,-1419.7832792640575,1589.1581683652576,97
425,-1247.5519355344368,1589.1581683652576,98
426,-2356.3540511943743,1589.1581683652576,131
427,-508.189907161855,1589.1581683652576,58
428,-809.0072537086933,1589.1581683652576,84
429,-1001.2578734298127,1589.1581683652576,142
430,-309.0953065189333,1589.1581683652576,82
431,-295.6054099256671,1589.1581683652576,57
432,66.74153471418595,1589.1581683652576,82
433,361.21135233281984,1589.1581683652576,135
434,491.5766897484875,1589.1581683652576,122
435,-1793.7112222099495,1589.1581683652576,164
436,-574.6831410734592,1589.1581683652576,98
437,-1157.916018613339,1589.1581683652576,128
438,-336.48240849692525,1589.1581683652576,146
439,-230.01760959010426,1589.1581683652576,140
440,-1292.375386853533,1589.1581683652576,145
441,-852.9154092600033,1589.1581683652576,76
442,-488.57126986114076,1589.1581683652576,106
443,-734.3208690170577,1589.1581683652576,53
444,-1614.3163074577242,1589.1581683652576,139
445,-19.10505537812446,1589.1581683652576,114
446,528.2962458394466,1589.1581683652576,139
447,-1425.8015873770914,1589.1581683652576,171
448,573.9559417990215,1589.1581683652576,120
449,-512.9794922871595,1589.1581683652576,170
450,182.37106635520445,1589.1581683652576,53
451,-2613.0397759758193,1589.1581683652576,177
452,-552.8291827558905,1589.1581683652576,136
453,141.48979416371753,1589.1581683652576,67
454,-601.8101588267193,1589.1581683652576,61
455,-1259.455825324201,1589.1581683652576,136
456,532.1520145933484,1589.1581683652576,76
457,813.552814639326,1589.1581683652576,110
458,-739.4798532147549,1589.1581683652576,109
459,556.6468498377401,1589.1581683652576,125
460,543.8148782006839,1589.1581683652576,105
461,-693.742658716993,1589.1581683652576,46
462,-1249.1745910746586,1589.1581683652576,102
463,452.9570426214434,1589.1581683652576,88
464,-312.09286231663646,1589.1581683652576,47
465,259.6828835625745,1589.1581683652576,60
466,449.44542500113675,1589.1581683652576,94
467,-484.0566627602941,1589.1581683652576,159
468,-518.4507766423981,1589.1581683652576,113
469,590.7013979467972,1589.1581683652576,87
470,-707.0335567800528,1589.1581683652576,216
471,-129.42832383856626,1589.1581683652576,139
472,-610.0686257029636,1589.1581683652576,93
473,-829.6546049255476,1589.1581683652576,129
474,179.51532600197038,1589.1581683652576,51
475,993.9585643740284,1589.1581683652576,119
476,8.582502992517675,1589.1581683652576,125
477,-904.768495914379,1589.1581683652576,186
478,-282.8104253796573,1589.1581683652576,75
479,-563.5166613275038,1589.1581683652576,109
480,-1627.6420017488174,1589.1581683652576,141
481,-101.91432646933436,1589.1581683652576,50
482,-652.8281941947389,1589.1581683652576,123
483,750.6453103531992,1589.1581683652576,58
484,568.7137629880006,1589.1581683652576,63
485,-583.0949820085982,1589.1581683652576,134
486,-42.72357883435802,1589.1581683652576,108
487,-1686.7551545083372,1589.1581683652576,90
488,-1029.1404397119186,1589.1581683652576,135
489,-1237.605118715348,1589.1581683652576,138
490,251.30069597019497,1589.1581683652576,99
491,-600.8520094604719,1589.1581683652576,68
492,528.8772176622954,1589.1581683652576,146
493,-1278.2260264171368,1589.1581683652576,124
494,-421.9383216449987,1589.1581683652576,112
495,-1109.2904956678356,1589.1581683652576,183
496,635.4036443039851,1589.1581683652576,138
497,392.7563474622343,1589.1581683652576,95
498,-459.126517151949,1589.1581683652576,154
499,-52.76287689561036,1589.1581683652576,66
500,787.9848769837996,1589.1581683652576,148
501,-11.301663314357029,1589.1581683652576,74
502,-237.13794926897958,1589.1581683652576,83
503,-238.1371707108101,1589.1581683652576,89
504,-117.08640276565961,1589.1581683652576,83
505,-825.605744270013,1589.1581683652576,142
506,-189.6809366987186,1589.1581683652576,84
507,-241.53431896793245,1589.1581683652576,178
508,337.54816070680886,1589.1581683652576,58
509,342.58186078677795,1589.1581683652576,85
510,-230.7799383974002,1589.1581683652576,80
511,372.0226985857114,1589.1581683652576,85
512,273.01722885518234,1589.1581683652576,110
513,-1515.763382216643,1589.1581683652576,140
514,-1123.1317540545974,1589.1581683652576,117
515,-247.0873454369721,1589.1581683652576,52
516,-1631.4950074667286,1589.1581683652576,124
517,-2044.105476650668,1589.1581683652576,182
518,-1341.4872169330315,1589.1581683652576,148
519,-676.1665011836242,1589.1581683652576,96
520,-827.9090842620985,1589.1581683652576,96
521,-425.5742663912847,1589.1581683652576,103
522,49.10580380895112,1589.1581683652576,104
523,-683.0942398535876,1589.1581683652576,121
524,-1363.1078435774584,1589.1581683652576,148
525,-1858.5262426403115,1589.1581683652576,152
526,-2064.4955202530728,1589.1581683652576,143
527,-39.88156068562307,1589.1581683652576,106
528,-323.6673453559879,1589.1581683652576,70
529,-332.42501704883625,1589.1581683652576,83
530,-1352.8019872819082,1589.1581683652576,151
531,-764.0487931245673,1589.1581683652576,115
532,-314.2172493937653,1589.1581683652576,72
533,-1542.7428755523836,1589.1581683652576,125
534,-1811.6349645427072,1589.1581683652576,153
535,-7.967732231986929,1589.1581683652576,128
536,112.26796825235806,1589.1581683652576,87
537,-296.44529959359716,1589.1581683652576,65
538,332.51191523680404,1589.1581683652576,82
539,131.0472210084929,1589.1581683652576,164
540,321.75033169414087,1589.1581683652576,51
541,-385.9564619703715,1589.1581683652576,201
542,-1243.568921611592,1589.1581683652576,221
543,-1418.2405787639395,1589.1581683652576,144
544,-856.3417221702382,1589.1581683652576,110
545,-540.2015313747204,1589.1581683652576,165
546,-179.27225626564814,1589.1581683652576,157
547,-768.8772961148709,1589.1581683652576,139
548,-1650.517219070504,1589.1581683652576,135
549,-38.00904555817647,1589.1581683652576,179
550,-125.01303275852729,1589.1581683652576,143
551,660.9764560997417,1589.1581683652576,142
552,-740.0921854504593,1589.1581683652576,133
553,-430.9779408893146,1589.1581683652576,61
554,571.6105263977317,1589.1581683652576,92
555,-967.5328305614178,1589.1581683652576,63
556,1011.3926506554137,1589.1581683652576,131
557,-881.8077484250891,1589.1581683652576,241
558,-545.2590365914564,1589.1581683652576,50
559,-275.8449588194874,1589.1581683652576,176
560,-100.72359925283581,1589.1581683652576,158
561,-1124.8078280970033,1589.1581683652576,153
562,-292.5711416819843,1589.1581683652576,177
563,-1675.1401782500598,1589.1581683652576,180
564,-862.9893133540461,1589.1581683652576,147
565,439.76022561909406,1589.1581683652576,248
566,-303.3376712813199,1589.1581683652576,197
567,-859.3666920050235,1589.1581683652576,179
568,-312.9609924655658,1589.1581683652576,183
569,-853.4458461286044,1589.1581683652576,130
570,-495.97630005536575,1589.1581683652576,103
571,-653.6416344056006,1589.1581683652576,103
572,-1708.2936216944563,1589.1581683652576,139
573,382.74706758706066,1589.1581683652576,142
574,615.3686555743825,1589.1581683652576,197
575,27.708010397553608,1589.1581683652576,98
576,-415.54875622852774,1589.1581683652576,159
577,745.8907001273312,1589.1581683652576,91
578,195.89928905039028,1589.1581683652576,191
579,-491.07659348044467,1589.1581683652576,165
580,-1561.3620987871761,1589.1581683652576,271
581,-1533.4972455452655,1589.1581683652576,110
582,-31.829824894289686,1589.1581683652576,130
583,-1038.167335899828,1589.1581683652576,102
584,-1317.5207803739313,1589.1581683652576,163
585,-894.0431279158565,1589.1581683652576,134
586,697.2372628295784,1589.1581683652576,73
587,221.94183125103973,1589.1581683652576,193
588,1170.204199194584,1589.1581683652576,109
589,-311.5614782473367,1589.1581683652576,126
590,-897.6429854550865,1589.1581683652576,109
591,306.35801873234595,1589.1581683652576,63
592,-399.1453476786726,1589.1581683652576,156
593,8.783673216211355,1589.1581683652576,126
594,173.08616375379393,1589.1581683652576,157
595,-307.6841650031872,1589.1581683652576,102
596,-907.8179569003869,1589.1581683652576,157
597,-1213.4284800291875,1589.1581683652576,170
598,581.2706938697542,1589.1581683652576,235
599,475.5469448110165,1589.1581683652576,142
600,-1388.2396564785395,1589.1581683652576,150
601,67.59907116302224,1589.1581683652576,135
602,-1037.3523686420822,1589.1581683652576,263
603,-421.7469632751879,1589.1581683652576,158
604,-1566.12438723334,1589.1581683652576,161
605,465.87288291644234,1589.1581683652576,268
606,-386.80532716903144,1589.1581683652576,71
607,70.07914021654392,1589.1581683652576,156
608,-1532.30748629952,1589.1581683652576,129
609,-40.60785917156363,1589.1581683652576,220
610,-905.2393970806861,1589.1581683652576,179
611,-637.8362353749512,1589.1581683652576,98
612,-696.9517547673427,1589.1581683652576,102
613,-736.7537022318609,1589.1581683652576,110
614,-1.4900237138704142,1589.1581683652576,200
615,-327.1783203716975,1589.1581683652576,97
616,509.08515158309024,1589.1581683652576,103
617,-455.91488018633004,1589.1581683652576,64
618,933.3199739458282,1589.1581683652576,123
619,-1070.9846776546776,1589.1581683652576,142
620,280.0951235332168,1589.1581683652576,103
621,35.17419999985259,1589.1581683652576,190
622,390.8251180807531,1589.1581683652576,78
623,-816.2145514592266,1589.1581683652576,92
624,934.3071056189312,1589.1581683652576,165
625,313.03608956322887,1589.1581683652576,79
626,514.8981192971078,1589.1581683652576,67
627,331.1110300886844,1589.1581683652576,116
628,-723.3184891967774,1589.1581683652576,121
629,-458.99149621782476,1589.1581683652576,182
630,-962.2240969154625,1589.1581683652576,131
631,-1016.9357052780738,1589.1581683652576,143
632,136.79175332194836,1589.1581683652576,143
633,158.50084156575213,1589.1581683652576,56
634,-1427.0651760682767,1589.1581683652576,114
635,-131.0361979056836,1589.1581683652576,83
636,665.5540105815522,1589.1581683652576,92
637,-770.649762907037,1589.1581683652576,192
638,963.0566644194723,1589.1581683652576,198
639,-112.99624565009367,1589.1581683652576,142
640,555.0847211332743,1589.1581683652576,83
641,603.3642929490728,1589.1581683652576,126
642,466.023601702542,1589.1581683652576,91
643,-65.64028328694894,1589.1581683652576,183
644,467.54457157331103,1589.1581683652576,59
645,-512.7728771601396,1589.1581683652576,95
646,825.6311363850822,1589.1581683652576,107
647,753.7341203431615,1589.1581683652576,117
648,47.68605260114282,1589.1581683652576,119
649,-555.489228918347,1589.1581683652576,77
650,-141.6641522094385,1589.1581683652576,98
651,-418.4459963348593,1589.1581683652576,188
652,-87.45701165728633,1589.1581683652576,96
653,39.77264926185239,1589.1581683652576,119
654,-418.4780333100275,1589.1581683652576,77
655,-103.22055788391299,1589.1581683652576,49
656,12.330684467458013,1589.1581683652576,103
657,-898.5046943457762,1589.1581683652576,122
658,-736.7284373370715,1589.1581683652576,116
659,269.7294685246703,1589.1581683652576,138
660,-276.47096843932377,1589.1581683652576,80
661,774.6725232225183,1589.1581683652576,95
662,-818.4719383945871,1589.1581683652576,161
663,-728.5758939141456,1589.1581683652576,214
664,-839.0168366642915,1589.1581683652576,233
665,-239.95339523162215,1589.1581683652576,157
666,288.3460325524359,1589.1581683652576,83
667,225.45892479953181,1589.1581683652576,214
668,104.27543071660716,1589.1581683652576,113
669,-195.09667714083525,1589.1581683652576,156
670,705.3186412751901,1589.1581683652576,130
671,38.82405378141584,1589.1581683652576,216
672,-471.6436355364051,1589.1581683652576,117
673,-95.33508540083358,1589.1581683652576,99
674,-1375.0842250637058,1589.1581683652576,176
675,-796.1911281689386,1589.1581683652576,100
676,417.43041794873034,1589.1581683652576,82
677,-240.20294016519438,1589.1581683652576,93
678,856.5889167585594,1589.1581683652576,118
679,878.7924650902352,1589.1581683652576,181
680,582.9184363842628,1589.1581683652576,80
681,548.4525091099499,1589.1581683652576,94
682,574.2369872287518,1589.1581683652576,75
683,244.18606926161488,1589.1581683652576,99
684,-581.8875550585187,1589.1581683652576,138
685,721.5033844049826,1589.1581683652576,93
686,60.56506611596092,1589.1581683652576,158
687,594.6383673838154,1589.1581683652576,98
688,-939.4365190778212,1589.1581683652576,122
689,657.1684044754785,1589.1581683652576,106
690,413.04104029956477,1589.1581683652576,106
691,-606.3351992206487,1589.1581683652576,185
692,113.75705709171484,1589.1581683652576,130
693,-834.7860354218601,1589.1581683652576,296
694,-825.5798022759614,1589.1581683652576,169
695,407.0933883076442,1589.1581683652576,128
696,121.92054910665615,1589.1581683652576,136
697,-579.9819187957658,1589.1581683652576,132
698,272.3148865416606,1589.1581683652576,90
699,-145.83512634795738,1589.1581683652576,171
700,204.11415021814037,1589.1581683652576,199
701,278.84354383290975,1589.1581683652576,188
702,-529.4919113976111,1589.1581683652576,88
703,-1302.869453752355,1589.1581683652576,210
704,-56.38475430852486,1589.1581683652576,98
705,363.7812360781743,1589.1581683652576,106
706,671.8961824921973,1589.1581683652576,132
707,-219.0769078105286,1589.1581683652576,132
708,-947.7602591287423,1589.1581683652576,264
709,-134.13019419558532,1589.1581683652576,143
710,406.4582612890315,1589.1581683652576,114
711,674.7302372840481,1589.1581683652576,86
712,421.70669402718624,1589.1581683652576,335
713,-329.04268095969337,1589.1581683652576,141
714,333.7199604919208,1589.1581683652576,108
715,-545.3028263559677,1589.1581683652576,222
716,-752.8873688994458,1589.1581683652576,100
717,443.27194151841627,1589.1581683652576,149
718,1524.211858122786,1589.1581683652576,123
719,-1309.1559066856435,1589.1581683652576,195
720,396.82300876714794,1589.1581683652576,110
721,-183.82527017413918,1589.1581683652576,133
722,149.81044635459784,1589.1581683652576,110
723,52.11575637731289,1589.1581683652576,108
724,-41.10862124000619,1589.1581683652576,83
725,-1297.2933403363522,1589.1581683652576,204
726,-132.339444713366,1589.1581683652576,112
727,-1985.950007880599,1589.1581683652576,184
728,-369.5298844206118,1589.1581683652576,191
729,-779.8383134947987,1589.1581683652576,128
730,160.88011390377892,1589.1581683652576,144
731,-484.7137364780183,1589.1581683652576,129
732,-647.5338293081522,1589.1581683652576,117
733,700.1763378581893,1589.1581683652576,132
734,942.3169054477873,1589.1581683652576,200
735,666.3364679431204,1589.1581683652576,139
736,-1213.2595070206303,1589.1581683652576,167
737,-875.3693086404394,1589.1581683652576,171
738,736.1949493023072,1589.1581683652576,105
739,-784.970860790756,1589.1581683652576,230
740,-866.2701724644087,1589.1581683652576,181
741,-132.22328270828962,1589.1581683652576,301
742,-548.979620641762,1589.1581683652576,204
743,-586.482314112619,1589.1581683652576,114
744,25.046977059706023,1589.1581683652576,161
745,185.39653422327706,1589.1581683652576,142
746,-63.862548221811494,1589.1581683652576,243
747,268.30369237352716,1589.1581683652576,167
748,-352.2921734913439,1589.1581683652576,98
749,-404.01792983606856,1589.1581683652576,63
750,-1138.9336092512694,1589.1581683652576,184
751,453.2834866782795,1589.1581683652576,80
752,-1354.8132055852932,1589.1581683652576,217
753,471.29281073973516,1589.1581683652576,126
754,-167.506482482215,1589.1581683652576,263
755,571.7811527720894,1589.1581683652576,70
756,-2042.5463139870567,1589.1581683652576,228
757,-1056.9531637358396,1589.1581683652576,154
758,248.78732070406318,1589.1581683652576,121
759,467.5064904301739,1589.1581683652576,110
760,-932.6617182311004,1589.1581683652576,108
761,833.2862506273709,1589.1581683652576,148
762,-1982.607716675481,1589.1581683652576,176
763,9.991106942688702,1589.1581683652576,198
764,13.2717551950293,1589.1581683652576,94
765,871.2340526889961,1589.1581683652576,119
766,-1025.3509133773528,1589.1581683652576,97
767,-945.3321693007645,1589.1581683652576,176
768,91.93772956823068,1589.1581683652576,133
769,727.7311989011145,1589.1581683652576,138
770,-315.6049314119541,1589.1581683652576,169
771,247.08751433191128,1589.1581683652576,185
772,-38.701469975928376,1589.1581683652576,93
773,-787.559330926325,1589.1581683652576,177
774,151.76957178588077,1589.1581683652576,149
775,-268.96000623404666,1589.1581683652576,134
776,-1068.6530414099361,1589.1581683652576,82
777,-417.1576693887987,1589.1581683652576,141
778,425.52507674141543,1589.1581683652576,95
779,-896.8404687212521,1589.1581683652576,136
780,-108.74960309645166,1589.1581683652576,120
781,45.106584305963224,1589.1581683652576,56
782,-292.0888238278553,1589.1581683652576,61
783,-392.0396683381148,1589.1581683652576,165
784,692.9990611314056,1589.1581683652576,94
785,246.04713229586787,1589.1581683652576,83
786,-364.51089294326516,1589.1581683652576,126
787,-874.3930807530021,1589.1581683652576,74
788,-352.63110875929306,1589.1581683652576,110
789,-553.5353557165054,1589.1581683652576,182
790,-195.89209995791953,1589.1581683652576,201
791,-1117.9922788279766,1589.1581683652576,171
792,-878.7728276579719,1589.1581683652576,113
793,-1307.920299127659,1589.1581683652576,185
794,-439.6770716087733,1589.1581683652576,167
795,109.60676777240201,1589.1581683652576,181
796,-239.79228974540843,1589.1581683652576,206
797,-80.87228817379969,1589.1581683652576,123
798,-214.67113730395454,1589.1581683652576,85
799,-70.85005780677488,1589.1581683652576,117
800,194.21618818291972,1589.1581683652576,129
801,129.42421756995054,1589.1581683652576,237
802,-296.548423587853,1589.1581683652576,111
803,211.77042935426925,1589.1581683652576,176
804,670.665827805706,1589.1581683652576,141
805,92.27540185766838,1589.1581683652576,68
806,-27.832763616604097,1589.1581683652576,115
807,350.7126325758243,1589.1581683652576,114
808,194.51282776502308,1589.1581683652576,135
809,174.3328771742033,1589.1581683652576,115
810,1431.1762898803054,1589.1581683652576,197
811,305.5931554255717,1589.1581683652576,86
812,261.605874640243,1589.1581683652576,110
813,1128.2703553964866,1589.1581683652576,146
814,1269.8834666458424,1589.1581683652576,102
815,-66.23271644423426,1589.1581683652576,148
816,-818.211264435058,1589.1581683652576,129
817,643.7061074120168,1589.1581683652576,172
818,-33.32214184801978,1589.1581683652576,297
819,9.513220667274936,1589.1581683652576,156
820,-255.82177437035148,1589.1581683652576,134
821,588.4820186603777,1589.1581683652576,91
822,-586.9957613607296,1589.1581683652576,179
823,1037.1722437885287,1589.1581683652576,90
824,-685.1483689798356,1589.1581683652576,136
825,-1090.6955627244224,1589.1581683652576,105
826,448.3211395082478,1589.1581683652576,116
827,69.88978034077832,1589.1581683652576,144
828,-346.7980209753605,1589.1581683652576,131
829,-370.86754790132727,1589.1581683652576,106
830,327.0622956796676,1589.1581683652576,123
831,644.4547210690849,1589.1581683652576,232
832,840.0387839184518,1589.1581683652576,98
833,1028.46376231777,1589.1581683652576,224
834,-1140.2647636407514,1589.1581683652576,168
835,490.8686437063591,1589.1581683652576,137
836,964.9001939258214,1589.1581683652576,184
837,589.2094215134186,1589.1581683652576,160
838,571.2674263568022,1589.1581683652576,75
839,-2400.5257593509546,1589.1581683652576,207
840,-466.4729102998647,1589.1581683652576,174
841,266.0082614699861,1589.1581683652576,145
842,-1279.5512177359628,1589.1581683652576,172
843,-1242.8059137891833,1589.1581683652576,170
844,-162.94787664559362,1589.1581683652576,201
845,-252.37993599633705,1589.1581683652576,215
846,-175.49616475184166,1589.1581683652576,159
847,-407.9049578293575,1589.1581683652576,134
848,379.18593557581175,1589.1581683652576,112
849,549.0934824354421,1589.1581683652576,95
850,844.6882385836718,1589.1581683652576,198
851,-352.8551318951245,1589.1581683652576,156
852,726.945377360335,1589.1581683652576,139
853,-904.6627864739135,1589.1581683652576,153
854,-152.4280653017779,1589.1581683652576,203
855,-185.60116728211096,1589.1581683652576,113
856,-201.21427939404657,1589.1581683652576,85
857,78.92653575510849,1589.1581683652576,145
858,91.1877829508303,1589.1581683652576,56
859,481.9522008778267,1589.1581683652576,113
860,775.4479724701268,1589.1581683652576,87
861,-461.12192023795956,1589.1581683652576,98
862,-187.05298304653888,1589.1581683652576,92
863,-212.93110697495104,1589.1581683652576,136
864,523.9282889843346,1589.1581683652576,107
865,451.73542324613163,1589.1581683652576,61
866,-616.3440484416701,1589.1581683652576,97
867,131.63643035113955,1589.1581683652576,124
868,-242.91745228069385,1589.1581683652576,216
869,24.265066508901327,1589.1581683652576,135
870,-574.759521693474,1589.1581683652576,183
871,-608.0687088275192,1589.1581683652576,176
872,563.7235691767451,1589.1581683652576,106
873,-137.62212046202785,1589.1581683652576,103
874,35.53018359110206,1589.1581683652576,146
875,-478.36995329678484,1589.1581683652576,177
876,128.68473221370823,1589.1581683652576,101
877,-154.72247974306993,1589.1581683652576,140
878,961.879992684662,1589.1581683652576,126
879,258.0623631587396,1589.1581683652576,58
880,-347.5865554753716,1589.1581683652576,159
881,387.0278424267151,1589.1581683652576,106
882,-267.6218354615021,1589.1581683652576,141
883,331.7167177501344,1589.1581683652576,85
884,-131.2404111651731,1589.1581683652576,155
885,491.40606666906865,1589.1581683652576,148
886,-652.3266497777115,1589.1581683652576,176
887,-869.7173959623285,1589.1581683652576,111
888,773.8986568466271,1589.1581683652576,166
889,201.10111802786037,1589.1581683652576,106
890,695.6566638158288,1589.1581683652576,102
891,1105.231984182239,1589.1581683652576,102
892,268.56587287166076,1589.1581683652576,119
893,-216.2399410814994,1589.1581683652576,108
894,-334.00381678099075,1589.1581683652576,146
895,-861.2367417929013,1589.1581683652576,152
896,-291.1605287346488,1589.1581683652576,205
897,-187.4523284512527,1589.1581683652576,68
898,-523.2321500577746,1589.1581683652576,114
899,320.8730303880716,1589.1581683652576,207
900,511.9380907395023,1589.1581683652576,236
901,172.11542199653616,1589.1581683652576,131
902,65.04987545663369,1589.1581683652576,236
903,-512.5553618333784,1589.1581683652576,175
904,-173.19277372956253,1589.1581683652576,119
905,1077.2189480245313,1589.1581683652576,147
906,448.7486209037929,1589.1581683652576,156
907,-746.7098438286835,1589.1581683652576,232
908,-1056.1024467938757,1589.1581683652576,233
909,475.7742756643448,1589.1581683652576,189
910,199.69381248835043,1589.1581683652576,132
911,246.26327725389933,1589.1581683652576,130
912,-326.668263360938,1589.1581683652576,148
913,19.331459279474984,1589.1581683652576,265
914,457.5713535747375,1589.1581683652576,168
915,8.13199393526861,1589.1581683652576,192
916,-1147.844535714257,1589.1581683652576,201
917,-652.8812139604138,1589.1581683652576,146
918,-817.6908313847671,1589.1581683652576,163
919,-689.7430409305464,1589.1581683652576,206
920,443.03666279879087,1589.1581683652576,167
921,956.9228432638834,1589.1581683652576,304
922,11.500429816996757,1589.1581683652576,151
923,-672.7196855666693,1589.1581683652576,87
924,400.27003848630784,1589.1581683652576,169
925,678.3445883826457,1589.1581683652576,167
926,-1196.0957311302673,1589.1581683652576,226
927,-691.3712305673382,1589.1581683652576,182
928,-1058.1750573855265,1589.1581683652576,187
929,-1449.6461666756034,1589.1581683652576,218
930,-1110.805381721508,1589.1581683652576,268
931,415.53638698683994,1589.1581683652576,148
932,-1052.8009758995777,1589.1581683652576,107
933,-1163.9700915454366,1589.1581683652576,148
934,-588.9108669077368,1589.1581683652576,115
935,983.4712901500693,1589.1581683652576,124
936,498.51660820969346,1589.1581683652576,157
937,-611.0158737802417,1589.1581683652576,145
938,454.83405255946184,1589.1581683652576,269
939,-782.7748919869791,1589.1581683652576,236
940,675.0012552333047,1589.1581683652576,200
941,-90.11819247532094,1589.1581683652576,228
942,-548.564625927027,1589.1581683652576,139
943,-138.48326397901883,1589.1581683652576,135
944,-1260.3689288113887,1589.1581683652576,181
945,795.0254454252342,1589.1581683652576,142
946,-140.33356390510266,1589.1581683652576,258
947,-380.4345344392,1589.1581683652576,158
948,-665.2709837409507,1589.1581683652576,309
949,-552.6386295259199,1589.1581683652576,153
950,-55.80081120426212,1589.1581683652576,158
951,-335.8108249104823,1589.1581683652576,242
952,-10.510998725220361,1589.1581683652576,146
953,-261.3734661415524,1589.1581683652576,222
954,251.17032822186457,1589.1581683652576,284
955,-1106.2126243584664,1589.1581683652576,252
956,-708.3837539187036,1589.1581683652576,578
957,-515.5907384394648,1589.1581683652576,377
958,-792.0235163215395,1589.1581683652576,160
959,634.3123550007053,1589.1581683652576,172
960,471.4940380590522,1589.1581683652576,236
961,-1084.245607839852,1589.1581683652576,179
962,-80.06503179896572,1589.1581683652576,141
963,-733.3643603806509,1589.1581683652576,203
964,-69.32233325885386,1589.1581683652576,113
965,-788.3960448136536,1589.1581683652576,167
966,128.36958715501487,1589.1581683652576,355
967,-83.83146402920852,1589.1581683652576,168
968,-1140.0416462620701,1589.1581683652576,126
969,-388.2390621638576,1589.1581683652576,230
970,-423.0870911900554,1589.1581683652576,136
971,-775.4056233381516,1589.1581683652576,54
972,-236.8485061558191,1589.1581683652576,272
973,666.5147632306914,1589.1581683652576,149
974,427.0647406399253,1589.1581683652576,155
975,243.6285853623607,1589.1581683652576,109
976,605.7491779034824,1589.1581683652576,233
977,-6.144067924415367,1589.1581683652576,109
978,-506.7575422766283,1589.1581683652576,115
979,616.8713448544175,1589.1581683652576,208
980,374.99907080485775,1589.1581683652576,228
981,-131.86413575848474,1589.1581683652576,144
982,65.94080004882221,1589.1581683652576,83
983,922.9952696228202,1589.1581683652576,298
984,470.2611131283761,1589.1581683652576,79
985,212.94028580386362,1589.1581683652576,204
986,-1057.0310495087028,1589.1581683652576,130
987,-713.616407962764,1589.1581683652576,133
988,825.3208560720811,1589.1581683652576,118
989,810.9737400643448,1589.1581683652576,176
990,232.3334080663658,1589.1581683652576,118
991,-562.0788234518438,1589.1581683652576,105
992,592.589714172218,1589.1581683652576,247
993,-856.6737665546693,1589.1581683652576,195
994,-895.1918989790645,1589.1581683652576,147
995,-647.530811742673,1589.1581683652576,163
996,1544.3848565125256,1589.1581683652576,175
997,96.59929390304228,1589.1581683652576,113
998,304.339394925516,1589.1581683652576,102
999,-374.7345184662363,1589.1581683652576,167
1000,345.1299657791542,1589.1581683652576,75
