episode,return,best_return,epsilon,steps
1,145.7420576279851,145.7420576279851,0.995,77
2,-950.0785663715737,145.7420576279851,0.990025,51
3,-45.670215324416404,145.7420576279851,0.985074875,89
4,-599.361719115702,145.7420576279851,0.980149500625,61
5,-355.2763039851368,145.7420576279851,0.975248753121875,107
6,-306.478109584604,145.7420576279851,0.9703725093562656,71
7,-672.6562547959359,145.7420576279851,0.9655206468094842,109
8,-306.1912982024935,145.7420576279851,0.9606930435754368,67
9,-810.7266007009725,145.7420576279851,0.9558895783575596,54
10,-522.487080348144,145.7420576279851,0.9511101304657719,75
11,-11.650401948481658,145.7420576279851,0.946354579813443,92
12,-399.24671929222063,145.7420576279851,0.9416228069143757,62
13,-687.2069934211968,145.7420576279851,0.9369146928798039,49
14,-589.9960090301731,145.7420576279851,0.9322301194154049,64
15,-195.1593735699762,145.7420576279851,0.9275689688183278,51
16,-192.67219795994583,145.7420576279851,0.9229311239742362,51
17,-457.29097325480416,145.7420576279851,0.918316468354365,69
18,80.93086296452134,145.7420576279851,0.9137248860125932,134
19,18.858106126968323,145.7420576279851,0.9091562615825302,113
20,-1275.5389771024404,145.7420576279851,0.9046104802746175,71
21,-465.83676608740006,145.7420576279851,0.9000874278732445,71
22,381.1981290342205,381.1981290342205,0.8955869907338783,62
23,-283.80908791401725,381.1981290342205,0.8911090557802088,52
24,-900.6975502626287,381.1981290342205,0.8866535105013078,65
25,-1025.9155685231935,381.1981290342205,0.8822202429488012,74
26,-390.28461182914566,381.1981290342205,0.8778091417340572,49
27,329.04134377431365,381.1981290342205,0.873420096025387,60
28,-670.3012642389456,381.1981290342205,0.86905299554526,66
29,-1239.072135428825,381.1981290342205,0.8647077305675337,92
30,-1586.0494360501038,381.1981290342205,0.8603841919146961,77
31,-101.20683587052474,381.1981290342205,0.8560822709551226,127
32,409.1533714079776,409.1533714079776,0.8518018596003469,118
33,-176.13811169654764,409.1533714079776,0.8475428503023452,47
34,334.46252672862124,409.1533714079776,0.8433051360508335,80
35,-997.2786374509126,409.1533714079776,0.8390886103705792,58
36,-541.2255912595404,409.1533714079776,0.8348931673187264,115
37,313.98790041298116,409.1533714079776,0.8307187014821328,59
38,-121.85079369683012,409.1533714079776,0.826565107974722,79
39,-1949.0071455408827,409.1533714079776,0.8224322824348484,112
40,-4.661629753847592,409.1533714079776,0.8183201210226743,61
41,-1099.1808746108793,409.1533714079776,0.8142285204175609,88
42,669.5957942562301,669.5957942562301,0.810157377815473,93
43,-458.0271348870988,669.5957942562301,0.8061065909263957,55
44,1207.8613061846468,1207.8613061846468,0.8020760579717637,119
45,-768.0524459081903,1207.8613061846468,0.7980656776819048,52
46,286.6184574063252,1207.8613061846468,0.7940753492934953,70
47,83.29067699376992,1207.8613061846468,0.7901049725470278,59
48,-1208.7641633150167,1207.8613061846468,0.7861544476842928,125
49,-165.04137502366143,1207.8613061846468,0.7822236754458712,68
50,-1496.585534131998,1207.8613061846468,0.7783125570686419,106
51,-846.5944141377081,1207.8613061846468,0.7744209942832987,81
52,91.93846736619071,1207.8613061846468,0.7705488893118821,66
53,-239.13930073949336,1207.8613061846468,0.7666961448653228,88
54,148.40721325314507,1207.8613061846468,0.7628626641409961,134
55,103.5229492386984,1207.8613061846468,0.7590483508202912,132
56,-390.1814309946267,1207.8613061846468,0.7552531090661897,73
57,-672.6694376259736,1207.8613061846468,0.7514768435208588,132
58,-1270.2298099044945,1207.8613061846468,0.7477194593032545,129
59,-99.33406626352871,1207.8613061846468,0.7439808620067382,65
60,290.3107221016405,1207.8613061846468,0.7402609576967045,77
61,-1198.1435920461167,1207.8613061846468,0.736559652908221,84
62,411.69912060844194,1207.8613061846468,0.7328768546436799,100
63,162.34999612966885,1207.8613061846468,0.7292124703704614,77
64,-588.567278166018,1207.8613061846468,0.7255664080186092,52
65,-404.34729040438606,1207.8613061846468,0.7219385759785161,55
66,-641.7001424105795,1207.8613061846468,0.7183288830986235,72
67,-391.95464362872553,1207.8613061846468,0.7147372386831304,89
68,-645.1944137763885,1207.8613061846468,0.7111635524897147,64
69,345.7556722344623,1207.8613061846468,0.7076077347272661,60
70,115.4620120301729,1207.8613061846468,0.7040696960536298,58
71,315.3555711141753,1207.8613061846468,0.7005493475733616,89
72,-188.8415034911941,1207.8613061846468,0.6970466008354949,88
73,406.710666708035,1207.8613061846468,0.6935613678313174,78
74,93.3741789973958,1207.8613061846468,0.6900935609921608,63
75,524.6672670609744,1207.8613061846468,0.6866430931872,51
76,-1579.334370942961,1207.8613061846468,0.683209877721264,81
77,-1140.2852499592886,1207.8613061846468,0.6797938283326577,159
78,185.29251814706595,1207.8613061846468,0.6763948591909944,84
79,-765.9220117338709,1207.8613061846468,0.6730128848950394,54
80,-705.8774243480718,1207.8613061846468,0.6696478204705641,67
81,-550.7597089246685,1207.8613061846468,0.6662995813682113,76
82,339.3122970655968,1207.8613061846468,0.6629680834613703,48
83,-873.1753064499169,1207.8613061846468,0.6596532430440635,73
84,246.28863886781915,1207.8613061846468,0.6563549768288431,69
85,-555.3809522390559,1207.8613061846468,0.6530732019446989,54
86,334.64328327712155,1207.8613061846468,0.6498078359349754,151
87,396.7983222156438,1207.8613061846468,0.6465587967553006,57
88,-969.8598413709967,1207.8613061846468,0.6433260027715241,79
89,373.92255384463465,1207.8613061846468,0.6401093727576664,81
90,-609.5133458558946,1207.8613061846468,0.6369088258938781,76
91,-1107.8655808031556,1207.8613061846468,0.6337242817644086,72
92,-387.3037003750396,1207.8613061846468,0.6305556603555866,61
93,-1370.0377097412627,1207.8613061846468,0.6274028820538087,153
94,480.623541347589,1207.8613061846468,0.6242658676435396,68
95,-1351.4136906132208,1207.8613061846468,0.6211445383053219,68
96,-749.7053481434975,1207.8613061846468,0.6180388156137954,74
97,-693.8956478457096,1207.8613061846468,0.6149486215357264,69
98,-656.1426916440787,1207.8613061846468,0.6118738784280477,53
99,800.5860264236251,1207.8613061846468,0.6088145090359075,74
100,384.4780537947895,1207.8613061846468,0.6057704364907279,78
101,150.97852082782174,1207.8613061846468,0.6027415843082743,166
102,942.4258323764452,1207.8613061846468,0.599727876386733,78
103,-792.7401361501727,1207.8613061846468,0.5967292370047993,211
104,-64.55209749532582,1207.8613061846468,0.5937455908197753,71
105,-562.2434135707294,1207.8613061846468,0.5907768628656764,47
106,459.49432986195734,1207.8613061846468,0.587822978551348,55
107,-328.76083890710106,1207.8613061846468,0.5848838636585912,61
108,174.69818494368178,1207.8613061846468,0.5819594443402983,72
109,331.5891137321714,1207.8613061846468,0.5790496471185969,138
110,-1404.0434918704668,1207.8613061846468,0.5761543988830038,168
111,-698.8317040806089,1207.8613061846468,0.5732736268885888,65
112,-6.59397097584997,1207.8613061846468,0.5704072587541459,93
113,-567.7439576357478,1207.8613061846468,0.5675552224603752,55
114,1734.7909542918565,1734.7909542918565,0.5647174463480732,176
115,179.01963055789292,1734.7909542918565,0.5618938591163328,140
116,49.970062505702344,1734.7909542918565,0.5590843898207511,74
117,-1042.6821209735897,1734.7909542918565,0.5562889678716475,67
118,-1133.0065052035905,1734.7909542918565,0.5535075230322892,78
119,97.0538874191875,1734.7909542918565,0.5507399854171278,80
120,-179.31824556136303,1734.7909542918565,0.5479862854900421,114
121,-435.57715525470485,1734.7909542918565,0.5452463540625919,126
122,-830.816767840686,1734.7909542918565,0.542520122292279,108
123,1011.0189514129579,1734.7909542918565,0.5398075216808176,185
124,-475.5265676377712,1734.7909542918565,0.5371084840724134,118
125,-166.81164384694148,1734.7909542918565,0.5344229416520514,89
126,-185.167517666403,1734.7909542918565,0.5317508269437912,50
127,271.7638900655875,1734.7909542918565,0.5290920728090721,211
128,827.552002900471,1734.7909542918565,0.5264466124450268,126
129,-1174.610921127751,1734.7909542918565,0.5238143793828016,117
130,-169.8352525831474,1734.7909542918565,0.5211953074858876,83
131,639.506879514599,1734.7909542918565,0.5185893309484582,71
132,910.4033700864845,1734.7909542918565,0.515996384293716,154
133,-1391.290638566612,1734.7909542918565,0.5134164023722474,134
134,1124.0410605628017,1734.7909542918565,0.5108493203603861,161
135,-220.24372806812744,1734.7909542918565,0.5082950737585842,53
136,329.9843398166347,1734.7909542918565,0.5057535983897913,85
137,-1223.838445985533,1734.7909542918565,0.5032248303978423,95
138,-799.8299482517,1734.7909542918565,0.5007087062458531,173
139,-95.11704736894808,1734.7909542918565,0.4982051627146238,181
140,-1046.22054977378,1734.7909542918565,0.4957141369010507,146
141,-223.68933197072874,1734.7909542918565,0.4932355662165454,66
142,-212.93254712052249,1734.7909542918565,0.4907693883854627,52
143,516.9476014414081,1734.7909542918565,0.4883155414435354,64
144,-1148.6809354351024,1734.7909542918565,0.4858739637363177,83
145,-388.5187040020123,1734.7909542918565,0.4834445939176361,185
146,-246.129115743714,1734.7909542918565,0.4810273709480479,134
147,-1073.113926772372,1734.7909542918565,0.4786222340933077,85
148,276.18835275107745,1734.7909542918565,0.47622912292284114,131
149,-187.8396733849504,1734.7909542918565,0.4738479773082269,206
150,360.99550064691243,1734.7909542918565,0.4714787374216858,102
151,-356.70774253550826,1734.7909542918565,0.46912134373457737,140
152,-927.7933679833166,1734.7909542918565,0.46677573701590447,167
153,-730.9447133622482,1734.7909542918565,0.46444185833082496,130
154,227.69747040715765,1734.7909542918565,0.46211964903917085,103
155,-360.23889585451343,1734.7909542918565,0.459809050793975,59
156,-50.953799605754966,1734.7909542918565,0.4575100055400051,147
157,-752.0784633755977,1734.7909542918565,0.45522245551230506,83
158,-193.23475495975322,1734.7909542918565,0.45294634323474353,147
159,-605.6438169687372,1734.7909542918565,0.45068161151856984,60
160,-221.24165905358927,1734.7909542918565,0.44842820346097695,127
161,-98.80620182996904,1734.7909542918565,0.4461860624436721,161
162,83.08159538470886,1734.7909542918565,0.4439551321314537,118
163,-300.26584134811674,1734.7909542918565,0.4417353564707965,121
164,459.4846092174348,1734.7909542918565,0.43952667968844245,68
165,156.3532956819513,1734.7909542918565,0.43732904629000025,179
166,-289.2463943471764,1734.7909542918565,0.43514240105855023,64
167,-94.24977358372621,1734.7909542918565,0.4329666890532575,147
168,-739.5125656671312,1734.7909542918565,0.4308018556079912,211
169,-861.1951092375557,1734.7909542918565,0.42864784632995123,207
170,-535.7402468566993,1734.7909542918565,0.4265046070983015,113
171,-156.80222588024253,1734.7909542918565,0.42437208406280996,143
172,388.3868000366224,1734.7909542918565,0.4222502236424959,182
173,312.8819540445761,1734.7909542918565,0.42013897252428345,137
174,-286.8417766772161,1734.7909542918565,0.418038277661662,243
175,1135.8742815880264,1734.7909542918565,0.4159480862733537,185
176,-464.70228370780296,1734.7909542918565,0.41386834584198695,103
177,51.32224926831873,1734.7909542918565,0.41179900411277703,144
178,-229.66690227566778,1734.7909542918565,0.40974000909221314,101
179,-18.178349661710854,1734.7909542918565,0.40769130904675205,93
180,-47.44288689120731,1734.7909542918565,0.4056528525015183,106
181,204.25022918286095,1734.7909542918565,0.4036245882390107,58
182,104.81531905179463,1734.7909542918565,0.40160646529781563,101
183,178.14949550508265,1734.7909542918565,0.3995984329713266,156
184,903.9128896041901,1734.7909542918565,0.39760044080646995,106
185,-735.8450730544703,1734.7909542918565,0.39561243860243755,156
186,778.5054563404115,1734.7909542918565,0.3936343764094254,130
187,-26.60007671668268,1734.7909542918565,0.39166620452737827,212
188,-5.602811149541594,1734.7909542918565,0.3897078735047414,204
189,226.81332364888613,1734.7909542918565,0.38775933413721764,189
190,-2001.1053572960368,1734.7909542918565,0.38582053746653155,182
191,502.0973884142154,1734.7909542918565,0.3838914347791989,99
192,198.99315440088537,1734.7909542918565,0.38197197760530294,129
193,-523.6436648690433,1734.7909542918565,0.3800621177172764,47
194,386.3031615123216,1734.7909542918565,0.37816180712869,150
195,981.2521667260007,1734.7909542918565,0.37627099809304654,77
196,189.2324417494906,1734.7909542918565,0.3743896431025813,63
197,351.9118746265963,1734.7909542918565,0.37251769488706843,140
198,50.160782075935,1734.7909542918565,0.37065510641263305,151
199,-789.9013101137282,1734.7909542918565,0.3688018308805699,175
200,399.9463244364574,1734.7909542918565,0.36695782172616703,266
201,-394.1380480655471,1734.7909542918565,0.3651230326175362,128
202,619.694405532657,1734.7909542918565,0.36329741745444855,154
203,756.3539126649216,1734.7909542918565,0.3614809303671763,126
204,331.36805887608193,1734.7909542918565,0.3596735257153404,95
205,396.07976356984136,1734.7909542918565,0.35787515808676373,85
206,-227.47629496656396,1734.7909542918565,0.35608578229632987,214
207,275.67080939486596,1734.7909542918565,0.35430535338484825,90
208,-1504.070084119947,1734.7909542918565,0.352533826617924,142
209,481.29343061922737,1734.7909542918565,0.3507711574848344,126
210,-152.51108781609992,1734.7909542918565,0.3490173016974102,140
211,221.13732366609543,1734.7909542918565,0.34727221518892315,154
212,996.8530167326878,1734.7909542918565,0.34553585411297855,115
213,-762.0885103564206,1734.7909542918565,0.34380817484241366,229
214,-950.7852194020522,1734.7909542918565,0.34208913396820156,101
215,227.52231109604395,1734.7909542918565,0.34037868829836054,59
216,540.6143315378113,1734.7909542918565,0.33867679485686875,78
217,806.8903453876121,1734.7909542918565,0.33698341088258443,180
218,120.98492816501948,1734.7909542918565,0.3352984938281715,209
219,548.0797128215056,1734.7909542918565,0.33362200135903064,86
220,-86.05260029002034,1734.7909542918565,0.33195389135223546,251
221,-129.9379187472323,1734.7909542918565,0.3302941218954743,136
222,45.93268796097436,1734.7909542918565,0.3286426512859969,197
223,1133.3815077387883,1734.7909542918565,0.32699943802956694,126
224,448.6874556921912,1734.7909542918565,0.3253644408394191,70
225,184.44441472841868,1734.7909542918565,0.323737618635222,164
226,-481.28886625194036,1734.7909542918565,0.3221189305420459,222
227,-244.64706369934174,1734.7909542918565,0.32050833588933564,158
228,754.0262593031823,1734.7909542918565,0.31890579420988896,151
229,-24.984192602151666,1734.7909542918565,0.3173112652388395,186
230,-79.59089759150334,1734.7909542918565,0.3157247089126453,165
231,-599.8107422004,1734.7909542918565,0.3141460853680821,292
232,80.59798758072088,1734.7909542918565,0.31257535494124167,143
233,-1079.4845927953886,1734.7909542918565,0.3110124781665355,314
234,-589.5758827175184,1734.7909542918565,0.3094574157757028,294
235,-875.5613572759877,1734.7909542918565,0.30791012869682427,240
236,-1421.0466169293081,1734.7909542918565,0.30637057805334017,90
237,-230.6899329854939,1734.7909542918565,0.3048387251630735,48
238,19.04090591923773,1734.7909542918565,0.30331453153725807,64
239,-1166.973757780848,1734.7909542918565,0.3017979588795718,177
240,101.46728053554489,1734.7909542918565,0.30028896908517394,126
241,-601.3269670296602,1734.7909542918565,0.2987875242397481,122
242,-1533.9335436483595,1734.7909542918565,0.2972935866185493,119
243,-395.80774321345393,1734.7909542918565,0.29580711868545656,134
244,340.666078991095,1734.7909542918565,0.2943280830920293,158
245,584.0474160893998,1734.7909542918565,0.29285644267656913,254
246,-993.8370491180772,1734.7909542918565,0.2913921604631863,180
247,9.471447218432786,1734.7909542918565,0.2899351996608704,77
248,812.7610600243131,1734.7909542918565,0.288485523662566,187
249,-546.3180235926236,1734.7909542918565,0.2870430960442532,187
250,-1790.178072238054,1734.7909542918565,0.2856078805640319,227
251,-586.2769003987005,1734.7909542918565,0.28417984116121175,200
252,-992.8202925929204,1734.7909542918565,0.2827589419554057,118
253,338.8668957841966,1734.7909542918565,0.28134514724562865,297
254,932.2556905896217,1734.7909542918565,0.2799384215094005,163
255,-95.72158525675468,1734.7909542918565,0.27853872940185354,97
256,-985.7551711862916,1734.7909542918565,0.27714603575484426,177
257,-942.919977567803,1734.7909542918565,0.27576030557607,349
258,-1137.5744920132506,1734.7909542918565,0.2743815040481897,93
259,-1179.7602812985444,1734.7909542918565,0.2730095965279487,108
260,-1074.5758995777694,1734.7909542918565,0.271644548545309,213
261,422.2881888430866,1734.7909542918565,0.27028632580258244,128
262,1093.925907331888,1734.7909542918565,0.2689348941735695,318
263,-65.67830911645592,1734.7909542918565,0.2675902197027017,147
264,519.7037404371844,1734.7909542918565,0.26625226860418816,267
265,-102.16003661602531,1734.7909542918565,0.26492100726116724,180
266,28.482838976555286,1734.7909542918565,0.26359640222486136,157
267,-339.1864665755263,1734.7909542918565,0.2622784202137371,169
268,67.0799340899191,1734.7909542918565,0.26096702811266836,157
269,-379.7967941284048,1734.7909542918565,0.259662192972105,228
270,579.9581800482149,1734.7909542918565,0.2583638820072445,339
271,-497.88271752820674,1734.7909542918565,0.2570720625972083,177
272,139.23328283481078,1734.7909542918565,0.25578670228422223,112
273,-1002.003335666996,1734.7909542918565,0.2545077687728011,132
274,400.9398944576883,1734.7909542918565,0.25323522992893716,91
275,-487.45928125578666,1734.7909542918565,0.25196905377929246,176
276,-497.0512996450682,1734.7909542918565,0.25070920851039596,199
277,220.10626580976077,1734.7909542918565,0.249455662467844,53
278,1077.7115657327581,1734.7909542918565,0.24820838415550478,164
279,-546.1919222941735,1734.7909542918565,0.24696734223472724,206
280,449.54747166032803,1734.7909542918565,0.2457325055235536,86
281,-1052.6331800897592,1734.7909542918565,0.24450384299593586,215
282,-633.0725860676753,1734.7909542918565,0.24328132378095618,166
283,448.32881838763456,1734.7909542918565,0.2420649171620514,138
284,65.4002721463994,1734.7909542918565,0.24085459257624112,115
285,-1539.0522082474558,1734.7909542918565,0.23965031961335992,122
286,532.4840807363239,1734.7909542918565,0.23845206801529312,94
287,-628.9660637197073,1734.7909542918565,0.23725980767521665,142
288,-425.7564662557943,1734.7909542918565,0.23607350863684057,150
289,-937.4881896656254,1734.7909542918565,0.23489314109365636,297
290,-1051.7570511764552,1734.7909542918565,0.23371867538818808,228
291,-977.5291681164015,1734.7909542918565,0.23255008201124713,165
292,-2132.935224224946,1734.7909542918565,0.2313873316011909,295
293,472.77465646849373,1734.7909542918565,0.23023039494318495,318
294,-1055.8547990433449,1734.7909542918565,0.22907924296846902,126
295,211.71824945546905,1734.7909542918565,0.22793384675362668,108
296,-193.3258614273186,1734.7909542918565,0.22679417751985856,108
297,-982.3840998251089,1734.7909542918565,0.22566020663225925,159
298,289.57821545084585,1734.7909542918565,0.22453190559909794,146
299,-109.37286269049582,1734.7909542918565,0.22340924607110246,239
300,-450.6993361452312,1734.7909542918565,0.22229219984074694,176
301,821.7810139672647,1734.7909542918565,0.2211807388415432,136
302,-1133.4448499709893,1734.7909542918565,0.2200748351473355,234
303,-876.4498467047702,1734.7909542918565,0.2189744609715988,500
304,375.7034402544955,1734.7909542918565,0.21787958866674081,167
305,650.3238588232382,1734.7909542918565,0.2167901907234071,166
306,-688.273602144061,1734.7909542918565,0.2157062397697901,195
307,-90.09454794645262,1734.7909542918565,0.21462770857094113,217
308,-718.6690390164829,1734.7909542918565,0.21355457002808642,185
309,-850.7035066149572,1734.7909542918565,0.212486797177946,128
310,-1550.1757750879774,1734.7909542918565,0.21142436319205626,178
311,-842.62639335924,1734.7909542918565,0.21036724137609597,231
312,-374.4548495527083,1734.7909542918565,0.20931540516921548,175
313,-434.83414209802845,1734.7909542918565,0.20826882814336942,86
314,341.5382019836984,1734.7909542918565,0.20722748400265256,90
315,-217.7045401324683,1734.7909542918565,0.2061913465826393,157
316,210.9931056802552,1734.7909542918565,0.20516038984972612,294
317,1075.1421367016485,1734.7909542918565,0.20413458790047748,131
318,-686.7527605778914,1734.7909542918565,0.20311391496097508,139
319,229.10765931901892,1734.7909542918565,0.20209834538617022,206
320,296.2507928384132,1734.7909542918565,0.20108785365923937,112
321,-90.65999915186535,1734.7909542918565,0.20008241439094315,299
322,-233.00190877632645,1734.7909542918565,0.19908200231898845,304
323,-531.8250760973087,1734.7909542918565,0.1980865923073935,110
324,-1072.402520225568,1734.7909542918565,0.19709615934585653,180
325,-654.2091842452271,1734.7909542918565,0.19611067854912725,120
326,-830.4984220541903,1734.7909542918565,0.19513012515638162,242
327,152.84277342824953,1734.7909542918565,0.1941544745305997,96
328,695.3992626098162,1734.7909542918565,0.1931837021579467,129
329,328.33905476445534,1734.7909542918565,0.19221778364715697,280
330,-1140.8130835671382,1734.7909542918565,0.19125669472892118,249
331,268.2711760453974,1734.7909542918565,0.19030041125527658,139
332,-637.8396662305877,1734.7909542918565,0.1893489091990002,180
333,113.62985010713919,1734.7909542918565,0.1884021646530052,240
334,-1589.7302965575082,1734.7909542918565,0.18746015382974016,231
335,-673.2951254970559,1734.7909542918565,0.18652285306059146,323
336,-198.29961206885355,1734.7909542918565,0.18559023879528852,60
337,-586.742730986786,1734.7909542918565,0.18466228760131206,97
338,-308.71489825899107,1734.7909542918565,0.1837389761633055,179
339,-336.2496291484208,1734.7909542918565,0.18282028128248898,256
340,199.33548929441645,1734.7909542918565,0.18190617987607652,165
341,-1014.483388218745,1734.7909542918565,0.18099664897669615,177
342,-389.737429721009,1734.7909542918565,0.18009166573181265,214
343,-433.24592608236617,1734.7909542918565,0.1791912074031536,171
344,1030.5203821311654,1734.7909542918565,0.17829525136613783,192
345,-1437.4535463306236,1734.7909542918565,0.17740377510930713,203
346,173.6102861750894,1734.7909542918565,0.1765167562337606,67
347,-36.75410066850645,1734.7909542918565,0.1756341724525918,140
348,-584.9438315487362,1734.7909542918565,0.17475600159032884,191
349,-1070.4831537162845,1734.7909542918565,0.1738822215823772,166
350,-49.34814222801401,1734.7909542918565,0.17301281047446532,312
351,500.1313884359745,1734.7909542918565,0.172147746422093,174
352,-484.7232386784747,1734.7909542918565,0.1712870076899825,187
353,-660.5184408410153,1734.7909542918565,0.1704305726515326,178
354,-378.793314757713,1734.7909542918565,0.16957841978827493,219
355,-727.012094863705,1734.7909542918565,0.16873052768933355,244
356,144.39100622292744,1734.7909542918565,0.1678868750508869,178
357,-644.203893193991,1734.7909542918565,0.16704744067563246,218
358,177.97936001071207,1734.7909542918565,0.1662122034722543,61
359,-1270.511907021006,1734.7909542918565,0.16538114245489302,145
360,-990.3084949802853,1734.7909542918565,0.16455423674261857,187
361,-226.4512248868782,1734.7909542918565,0.16373146555890547,208
362,-284.9403706419207,1734.7909542918565,0.16291280823111093,178
363,-430.42348439794273,1734.7909542918565,0.1620982441899554,159
364,-180.36840485728658,1734.7909542918565,0.1612877529690056,169
365,-128.13931008785403,1734.7909542918565,0.16048131420416056,158
366,-1653.7174635073839,1734.7909542918565,0.15967890763313977,378
367,-1103.8472212300119,1734.7909542918565,0.15888051309497409,210
368,324.7973428244645,1734.7909542918565,0.1580861105294992,63
369,-952.1927032598892,1734.7909542918565,0.1572956799768517,129
370,-135.55001627130378,1734.7909542918565,0.15650920157696743,212
371,-131.84771320688492,1734.7909542918565,0.1557266555690826,267
372,-857.1487893057006,1734.7909542918565,0.1549480222912372,119
373,-222.7056170544936,1734.7909542918565,0.15417328217978102,222
374,193.43806797521552,1734.7909542918565,0.1534024157688821,138
375,177.08432543157596,1734.7909542918565,0.1526354036900377,179
376,-1349.6199749217467,1734.7909542918565,0.1518722266715875,159
377,-792.5958945945088,1734.7909542918565,0.15111286553822956,327
378,-25.449415812399366,1734.7909542918565,0.15035730121053842,151
379,-231.38779568264715,1734.7909542918565,0.14960551470448571,204
380,-424.05840414688737,1734.7909542918565,0.14885748713096328,181
381,3.2039711832319426,1734.7909542918565,0.14811319969530848,309
382,287.5300929931716,1734.7909542918565,0.14737263369683193,213
383,253.75136097129462,1734.7909542918565,0.14663577052834778,138
384,448.7137722534851,1734.7909542918565,0.14590259167570604,154
385,-394.4634910465811,1734.7909542918565,0.14517307871732751,187
386,-647.8684383208499,1734.7909542918565,0.14444721332374086,196
387,-962.0641612153433,1734.7909542918565,0.14372497725712216,210
388,-257.177434379537,1734.7909542918565,0.14300635237083656,173
389,73.93458447828766,1734.7909542918565,0.14229132060898236,262
390,380.16707681481853,1734.7909542918565,0.14157986400593744,86
391,-358.61898953604646,1734.7909542918565,0.14087196468590776,158
392,-731.9769388613263,1734.7909542918565,0.14016760486247823,176
393,447.69983937480265,1734.7909542918565,0.13946676683816583,164
394,-632.2001819390202,1734.7909542918565,0.138769433003975,207
395,-6.2234517885679,1734.7909542918565,0.13807558583895513,83
396,-276.7267949477766,1734.7909542918565,0.13738520790976036,273
397,-44.68241629286058,1734.7909542918565,0.13669828187021155,148
398,-956.2151637785373,1734.7909542918565,0.13601479046086049,135
399,-549.1595515518952,1734.7909542918565,0.1353347165085562,135
400,-21.064224128997694,1734.7909542918565,0.1346580429260134,134
401,-447.68323072960493,1734.7909542918565,0.13398475271138333,152
402,-1947.5840203557095,1734.7909542918565,0.13331482894782642,164
403,-726.2162138015374,1734.7909542918565,0.13264825480308728,101
404,671.5358030856254,1734.7909542918565,0.13198501352907185,675
405,-550.5434043459018,1734.7909542918565,0.1313250884614265,217
406,-1176.1386995490157,1734.7909542918565,0.13066846301911936,121
407,-138.01026889574814,1734.7909542918565,0.13001512070402377,225
408,-1417.5587119200954,1734.7909542918565,0.12936504510050365,90
409,287.17219840042526,1734.7909542918565,0.12871821987500112,140
410,766.7063932208403,1734.7909542918565,0.12807462877562611,189
411,-1215.2408525769422,1734.7909542918565,0.12743425563174798,169
412,-865.1780818387901,1734.7909542918565,0.12679708435358925,196
413,-1277.8148377611767,1734.7909542918565,0.1261630989318213,186
414,163.60830666336096,1734.7909542918565,0.1255322834371622,164
415,-75.63215948549305,1734.7909542918565,0.12490462201997637,156
416,140.0638579684712,1734.7909542918565,0.1242800989098765,128
417,821.5858133612353,1734.7909542918565,0.12365869841532712,231
418,195.97315827300918,1734.7909542918565,0.12304040492325048,141
419,-1668.185898883774,1734.7909542918565,0.12242520289863422,196
420,-512.3157739124285,1734.7909542918565,0.12181307688414106,234
421,-103.65812202427901,1734.7909542918565,0.12120401149972035,147
422,-445.3054913938747,1734.7909542918565,0.12059799144222175,200
423,-681.236992174127,1734.7909542918565,0.11999500148501063,328
424,-970.7089232368583,1734.7909542918565,0.11939502647758558,193
425,-658.5166348904093,1734.7909542918565,0.11879805134519765,305
426,-17.55760583799247,1734.7909542918565,0.11820406108847166,159
427,-936.6678386974565,1734.7909542918565,0.11761304078302931,163
428,972.8682565685131,1734.7909542918565,0.11702497557911416,235
429,88.1380728070609,1734.7909542918565,0.11643985070121858,305
430,-149.4757777994248,1734.7909542918565,0.1158576514477125,125
431,-197.54923552275682,1734.7909542918565,0.11527836319047394,183
432,334.1885310078824,1734.7909542918565,0.11470197137452157,91
433,-560.9248138382266,1734.7909542918565,0.11412846151764895,223
434,-440.4250897215411,1734.7909542918565,0.11355781921006071,237
435,-143.5774000331553,1734.7909542918565,0.1129900301140104,246
436,-1163.7595545756835,1734.7909542918565,0.11242507996344035,182
437,-484.6820824180344,1734.7909542918565,0.11186295456362315,449
438,-313.31981227888787,1734.7909542918565,0.11130363979080503,212
439,-914.376046461334,1734.7909542918565,0.110747121591851,151
440,-22.79963044542933,1734.7909542918565,0.11019338598389175,153
441,-1225.2855021163246,1734.7909542918565,0.10964241905397229,177
442,423.62567199355635,1734.7909542918565,0.10909420695870244,159
443,481.1635723430834,1734.7909542918565,0.10854873592390892,142
444,606.4826926974306,1734.7909542918565,0.10800599224428938,129
445,-303.96517264750514,1734.7909542918565,0.10746596228306793,161
446,-793.1766790589286,1734.7909542918565,0.10692863247165259,241
447,-737.7418237478555,1734.7909542918565,0.10639398930929432,176
448,116.09783643396918,1734.7909542918565,0.10586201936274785,152
449,-346.0606579047792,1734.7909542918565,0.1053327092659341,204
450,874.1769425114119,1734.7909542918565,0.10480604571960443,209
451,-742.1696745257175,1734.7909542918565,0.10428201549100642,93
452,228.9253103697041,1734.7909542918565,0.10376060541355138,191
453,-807.202040137242,1734.7909542918565,0.10324180238648363,192
454,-216.735226607222,1734.7909542918565,0.10272559337455121,182
455,-250.12855409846543,1734.7909542918565,0.10221196540767845,111
456,839.1051743250998,1734.7909542918565,0.10170090558064006,134
457,294.9410617521837,1734.7909542918565,0.10119240105273686,121
458,-571.9339194668341,1734.7909542918565,0.10068643904747317,224
459,-998.1870256824607,1734.7909542918565,0.1001830068522358,122
460,-1103.8423679764187,1734.7909542918565,0.09968209181797463,242
461,282.03672068115884,1734.7909542918565,0.09918368135888475,62
462,-142.49976477548557,1734.7909542918565,0.09868776295209034,352
463,-941.9004073909364,1734.7909542918565,0.09819432413732988,169
464,430.7152752468189,1734.7909542918565,0.09770335251664322,141
465,-1144.2064828871412,1734.7909542918565,0.09721483575406001,192
466,34.54245260908647,1734.7909542918565,0.09672876157528972,221
467,-358.89649634904185,1734.7909542918565,0.09624511776741326,168
468,-286.93064876467724,1734.7909542918565,0.0957638921785762,167
469,259.94126461785686,1734.7909542918565,0.09528507271768331,173
470,-146.35957556002427,1734.7909542918565,0.0948086473540949,161
471,467.1004574224604,1734.7909542918565,0.09433460411732442,177
472,-94.60932483705687,1734.7909542918565,0.0938629310967378,129
473,-578.1489555835274,1734.7909542918565,0.09339361644125412,107
474,1114.8038013639898,1734.7909542918565,0.09292664835904783,134
475,549.4344503308984,1734.7909542918565,0.0924620151172526,212
476,347.765634131119,1734.7909542918565,0.09199970504166634,255
477,-624.081666262189,1734.7909542918565,0.091539706516458,237
478,-1253.9416472435714,1734.7909542918565,0.09108200798387571,182
479,-100.31846858570088,1734.7909542918565,0.09062659794395633,148
480,-1891.6232115563776,1734.7909542918565,0.09017346495423655,119
481,274.09293045552954,1734.7909542918565,0.08972259762946537,65
482,-524.0632341119945,1734.7909542918565,0.08927398464131804,209
483,847.2592237817928,1734.7909542918565,0.08882761471811144,74
484,-669.476179031727,1734.7909542918565,0.0883834766445209,111
485,-576.9230254762103,1734.7909542918565,0.08794155926129829,158
486,798.3547194879917,1734.7909542918565,0.0875018514649918,216
487,-250.5417577929352,1734.7909542918565,0.08706434220766683,145
488,287.39703363111016,1734.7909542918565,0.0866290204966285,159
489,-799.3014443519778,1734.7909542918565,0.08619587539414536,126
490,-103.25628962778183,1734.7909542918565,0.08576489601717463,311
491,-1049.6345889028012,1734.7909542918565,0.08533607153708876,120
492,-419.6884522541907,1734.7909542918565,0.08490939117940331,192
493,129.0102779290271,1734.7909542918565,0.0844848442235063,157
494,-1026.108768828356,1734.7909542918565,0.08406242000238877,114
495,111.31871151187784,1734.7909542918565,0.08364210790237682,120
496,-494.25715458676746,1734.7909542918565,0.08322389736286494,240
497,-47.93551366178144,1734.7909542918565,0.0828077778760506,151
498,237.4994570613958,1734.7909542918565,0.08239373898667036,176
499,-96.104445867913,1734.7909542918565,0.081981770291737,154
500,-1225.4298768993053,1734.7909542918565,0.08157186144027832,175
501,-588.1291024695981,1734.7909542918565,0.08116400213307692,239
502,222.3307818229307,1734.7909542918565,0.08075818212241154,134
503,411.27261261421904,1734.7909542918565,0.08035439121179949,152
504,-411.183698174395,1734.7909542918565,0.07995261925574049,179
505,-299.2713878816037,1734.7909542918565,0.07955285615946178,124
506,40.264314718107016,1734.7909542918565,0.07915509187866447,147
507,425.4503529923295,1734.7909542918565,0.07875931641927116,87
508,136.58856779876623,1734.7909542918565,0.0783655198371748,237
509,-290.4804009752054,1734.7909542918565,0.07797369223798892,189
510,-482.5580607525077,1734.7909542918565,0.07758382377679898,481
511,-122.03625437363394,1734.7909542918565,0.07719590465791498,172
512,-1360.4085263132804,1734.7909542918565,0.07680992513462541,273
513,-1497.9591700341548,1734.7909542918565,0.07642587550895227,114
514,-534.629995192065,1734.7909542918565,0.07604374613140752,109
515,974.1439457896074,1734.7909542918565,0.07566352740075048,171
516,-1808.8351396355906,1734.7909542918565,0.07528520976374672,113
517,-491.3617045344381,1734.7909542918565,0.074908783714928,145
518,-329.79023715035873,1734.7909542918565,0.07453423979635335,175
519,-505.74386958058676,1734.7909542918565,0.07416156859737158,158
520,977.7843372719799,1734.7909542918565,0.07379076075438473,92
521,624.8788319751966,1734.7909542918565,0.0734218069506128,135
522,-1013.4225177709702,1734.7909542918565,0.07305469791585974,228
523,120.78878434303056,1734.7909542918565,0.07268942442628044,130
524,-834.0954536037261,1734.7909542918565,0.07232597730414904,147
525,-841.3177598769648,1734.7909542918565,0.07196434741762829,155
526,296.35702840935187,1734.7909542918565,0.07160452568054015,157
527,-695.238058949328,1734.7909542918565,0.07124650305213745,172
528,-134.39744063706985,1734.7909542918565,0.07089027053687676,171
529,113.47050594335678,1734.7909542918565,0.07053581918419238,57
530,286.3119352034777,1734.7909542918565,0.07018314008827141,226
531,314.37961159876136,1734.7909542918565,0.06983222438783006,171
532,-55.78756935374349,1734.7909542918565,0.0694830632658909,239
533,-1662.8900509356815,1734.7909542918565,0.06913564794956145,139
534,20.437691128340475,1734.7909542918565,0.06878996970981364,208
535,603.2563718360532,1734.7909542918565,0.06844601986126457,188
536,-1084.1961826381084,1734.7909542918565,0.06810378976195826,176
537,252.88715646469313,1734.7909542918565,0.06776327081314847,145
538,-102.98103563270001,1734.7909542918565,0.06742445445908272,191
539,-293.8976592612014,1734.7909542918565,0.06708733218678731,178
540,-984.1837492954623,1734.7909542918565,0.06675189552585337,110
541,-1581.2217338205164,1734.7909542918565,0.06641813604822411,280
542,-43.428528794512204,1734.7909542918565,0.06608604536798299,231
543,-370.7220231182091,1734.7909542918565,0.06575561514114306,530
544,-38.80363462412322,1734.7909542918565,0.06542683706543735,170
545,-377.8788452030119,1734.7909542918565,0.06509970288011016,171
546,-1100.4389605987199,1734.7909542918565,0.06477420436570962,102
547,-907.9586278330817,1734.7909542918565,0.06445033334388106,235
548,128.27346065086317,1734.7909542918565,0.06412808167716166,86
549,-355.0468161048336,1734.7909542918565,0.06380744126877586,237
550,-199.87773032378232,1734.7909542918565,0.06348840406243197,192
551,-1069.8944858179802,1734.7909542918565,0.0631709620421198,231
552,817.5558834960514,1734.7909542918565,0.06285510723190921,162
553,-482.9366474995377,1734.7909542918565,0.06254083169574966,167
554,309.5013550645914,1734.7909542918565,0.062228127537270916,170
555,-1249.93063091751,1734.7909542918565,0.06191698689958456,108
556,-456.25536059507886,1734.7909542918565,0.061607401965086635,269
557,-18.727306378183584,1734.7909542918565,0.061299364955261205,269
558,947.4310429483351,1734.7909542918565,0.0609928681304849,142
559,-276.11913388110975,1734.7909542918565,0.06068790378983247,187
560,-896.7410911132779,1734.7909542918565,0.06038446427088331,360
561,-539.6447668061585,1734.7909542918565,0.060082541949528896,236
562,-347.50038058084533,1734.7909542918565,0.05978212923978125,193
563,-525.0358809878967,1734.7909542918565,0.05948321859358234,181
564,-1548.2756854350264,1734.7909542918565,0.05918580250061443,201
565,-682.6873958940776,1734.7909542918565,0.05888987348811136,172
566,-292.01460467197717,1734.7909542918565,0.0585954241206708,159
567,-1199.718276761058,1734.7909542918565,0.058302447000067446,162
568,437.0594804647185,1734.7909542918565,0.05801093476506711,225
569,-164.34262050450275,1734.7909542918565,0.05772088009124177,161
570,-898.6810105113545,1734.7909542918565,0.057432275690785566,186
571,-50.11306888014383,1734.7909542918565,0.05714511431233164,143
572,-315.1247247993347,1734.7909542918565,0.05685938874076998,111
573,-335.9946113474341,1734.7909542918565,0.05657509179706613,172
574,-460.3950785773077,1734.7909542918565,0.0562922163380808,169
575,-22.7276857276878,1734.7909542918565,0.05601075525639039,192
576,-537.9826054501378,1734.7909542918565,0.05573070148010844,123
577,659.0110395648416,1734.7909542918565,0.0554520479727079,119
578,-622.7253748329392,1734.7909542918565,0.05517478773284436,160
579,-490.2231672851799,1734.7909542918565,0.05489891379418014,163
580,-681.1091122895978,1734.7909542918565,0.054624419225209234,458
581,-555.3932385892267,1734.7909542918565,0.05435129712908319,215
582,198.60787103332245,1734.7909542918565,0.05407954064343777,200
583,-866.4456083476689,1734.7909542918565,0.053809142940220586,160
584,-1373.1669187706143,1734.7909542918565,0.05354009722551948,120
585,295.3220623315915,1734.7909542918565,0.05327239673939188,218
586,385.5686123731666,1734.7909542918565,0.053006034755694924,135
587,367.7258404716846,1734.7909542918565,0.05274100458191645,321
588,896.9881742728976,1734.7909542918565,0.05247729955900687,146
589,-763.7851167253325,1734.7909542918565,0.05221491306121183,153
590,242.26977659934187,1734.7909542918565,0.05195383849590577,169
591,-307.8120875698113,1734.7909542918565,0.051694069303426245,212
592,426.0838032616855,1734.7909542918565,0.051435598956909113,106
593,-1037.7349045535261,1734.7909542918565,0.05117842096212456,202
594,-1048.8888239794637,1734.7909542918565,0.050922528857313944,107
595,1134.274697773605,1734.7909542918565,0.050667916213027374,137
596,-654.0374739921108,1734.7909542918565,0.050414576631962235,166
597,-397.8856659202438,1734.7909542918565,0.05016250374880243,167
598,-228.585044840494,1734.7909542918565,0.05,177
599,-982.9293792075125,1734.7909542918565,0.05,211
600,-837.7106353619383,1734.7909542918565,0.05,104
601,-399.46437155617014,1734.7909542918565,0.05,318
602,-339.4102501902903,1734.7909542918565,0.05,254
603,-273.1076068617772,1734.7909542918565,0.05,162
604,-772.2512852042225,1734.7909542918565,0.05,203
605,-1485.141467239756,1734.7909542918565,0.05,215
606,295.52922564777623,1734.7909542918565,0.05,143
607,342.872096014858,1734.7909542918565,0.05,219
608,-838.0235672739117,1734.7909542918565,0.05,201
609,-43.70493827770315,1734.7909542918565,0.05,166
610,-115.67426909717233,1734.7909542918565,0.05,317
611,70.72609992373668,1734.7909542918565,0.05,99
612,33.90138817970933,1734.7909542918565,0.05,160
613,23.5844329709455,1734.7909542918565,0.05,208
614,0.6685450252648479,1734.7909542918565,0.05,164
615,-634.3146203891943,1734.7909542918565,0.05,136
616,7.52324117760304,1734.7909542918565,0.05,207
617,-14.107878347345832,1734.7909542918565,0.05,65
618,-136.32681650330267,1734.7909542918565,0.05,226
619,-1734.9963076565398,1734.7909542918565,0.05,168
620,-2.6255246627019915,1734.7909542918565,0.05,209
621,-1023.4945139596625,1734.7909542918565,0.05,171
622,671.4118039493947,1734.7909542918565,0.05,126
623,-1526.0371264789223,1734.7909542918565,0.05,167
624,-967.9101576232242,1734.7909542918565,0.05,335
625,383.01522495769814,1734.7909542918565,0.05,242
626,-867.4000866031608,1734.7909542918565,0.05,197
627,-174.57861153930025,1734.7909542918565,0.05,174
628,-168.20573781365852,1734.7909542918565,0.05,240
629,57.053448059251195,1734.7909542918565,0.05,170
630,-1301.4280225811442,1734.7909542918565,0.05,108
631,158.35796661045765,1734.7909542918565,0.05,261
632,-992.9969238692252,1734.7909542918565,0.05,115
633,532.5785083757571,1734.7909542918565,0.05,151
634,243.49624983117678,1734.7909542918565,0.05,121
635,138.59789983975952,1734.7909542918565,0.05,182
636,-247.40809994238498,1734.7909542918565,0.05,182
637,-390.88100223078004,1734.7909542918565,0.05,346
638,-1248.1154848833226,1734.7909542918565,0.05,187
639,-145.4169040224383,1734.7909542918565,0.05,152
640,-71.87675449190465,1734.7909542918565,0.05,246
641,-1061.4854572965014,1734.7909542918565,0.05,218
642,174.390338150273,1734.7909542918565,0.05,140
643,-1026.568750053059,1734.7909542918565,0.05,178
644,2035.150381746873,2035.150381746873,0.05,247
645,-67.57840664305104,2035.150381746873,0.05,194
646,-869.7910057440515,2035.150381746873,0.05,179
647,-951.565003946489,2035.150381746873,0.05,151
648,-900.2587129305509,2035.150381746873,0.05,191
649,290.5704725363652,2035.150381746873,0.05,176
650,0.5685752486608635,2035.150381746873,0.05,190
651,83.62174538749639,2035.150381746873,0.05,192
652,-156.44983803532205,2035.150381746873,0.05,184
653,-1116.7619112202658,2035.150381746873,0.05,206
654,-476.3747289987723,2035.150381746873,0.05,315
655,946.6830347812167,2035.150381746873,0.05,139
656,-81.46352274903052,2035.150381746873,0.05,121
657,-726.6075462461806,2035.150381746873,0.05,315
658,166.56058375554198,2035.150381746873,0.05,196
659,-912.5408404130749,2035.150381746873,0.05,190
660,-620.0954141486981,2035.150381746873,0.05,176
661,277.87572493720677,2035.150381746873,0.05,163
662,-1614.747679201313,2035.150381746873,0.05,259
663,217.6979374129296,2035.150381746873,0.05,171
664,-356.8985369819136,2035.150381746873,0.05,94
665,-1124.1331099449164,2035.150381746873,0.05,151
666,-688.3904076733902,2035.150381746873,0.05,213
667,242.93362719505672,2035.150381746873,0.05,311
668,-948.7362347466055,2035.150381746873,0.05,296
669,-166.41248158085477,2035.150381746873,0.05,290
670,-265.147605868626,2035.150381746873,0.05,165
671,-1576.1479339924674,2035.150381746873,0.05,331
672,-676.5608745026473,2035.150381746873,0.05,179
673,-119.34476385160747,2035.150381746873,0.05,180
674,-58.7391401652269,2035.150381746873,0.05,276
675,-402.88677577167186,2035.150381746873,0.05,243
676,-439.01186503124563,2035.150381746873,0.05,150
677,455.14835583046215,2035.150381746873,0.05,132
678,-311.1854705920973,2035.150381746873,0.05,505
679,314.9670113230859,2035.150381746873,0.05,103
680,602.6870825987821,2035.150381746873,0.05,65
681,20.4057397966626,2035.150381746873,0.05,205
682,734.7453497081008,2035.150381746873,0.05,133
683,-1190.7945485227838,2035.150381746873,0.05,190
684,-81.40758894728947,2035.150381746873,0.05,189
685,14.843361259753692,2035.150381746873,0.05,90
686,510.0486448584779,2035.150381746873,0.05,109
687,-892.660888744469,2035.150381746873,0.05,557
688,-546.9299136526538,2035.150381746873,0.05,184
689,-562.0899657113998,2035.150381746873,0.05,273
690,-60.39653290636875,2035.150381746873,0.05,193
691,-1680.4874309673655,2035.150381746873,0.05,525
692,-926.4603059653375,2035.150381746873,0.05,341
693,279.4636247598596,2035.150381746873,0.05,106
694,-1775.7153888121352,2035.150381746873,0.05,112
695,-302.7574392485958,2035.150381746873,0.05,210
696,-266.04541182430194,2035.150381746873,0.05,152
697,-1024.9572685395387,2035.150381746873,0.05,194
698,-1.959572660242202,2035.150381746873,0.05,59
699,-1419.1085445362778,2035.150381746873,0.05,239
700,-719.1556927577726,2035.150381746873,0.05,171
701,353.0798503735018,2035.150381746873,0.05,157
702,-83.80570361917398,2035.150381746873,0.05,208
703,75.49312896192032,2035.150381746873,0.05,271
704,-847.9525105521625,2035.150381746873,0.05,197
705,-104.18852919420317,2035.150381746873,0.05,172
706,305.5768997466366,2035.150381746873,0.05,100
707,734.957023599173,2035.150381746873,0.05,86
708,-722.7308160548778,2035.150381746873,0.05,574
709,-1107.6043591107114,2035.150381746873,0.05,164
710,-123.95676530810192,2035.150381746873,0.05,164
711,-917.8457164611441,2035.150381746873,0.05,223
712,-644.2888804821052,2035.150381746873,0.05,107
713,1116.205519764317,2035.150381746873,0.05,167
714,-1008.9304272304082,2035.150381746873,0.05,205
715,-480.5464217990002,2035.150381746873,0.05,217
716,122.73764640348736,2035.150381746873,0.05,179
717,-1041.2676856978974,2035.150381746873,0.05,343
718,3.69373196374454,2035.150381746873,0.05,186
719,-649.0815937109621,2035.150381746873,0.05,221
720,331.31925795574966,2035.150381746873,0.05,124
721,360.0188079734494,2035.150381746873,0.05,226
722,-142.69084330014584,2035.150381746873,0.05,278
723,-440.2341108613289,2035.150381746873,0.05,275
724,-2275.9699571723786,2035.150381746873,0.05,201
725,-446.48784203362516,2035.150381746873,0.05,414
726,-194.00682162311568,2035.150381746873,0.05,90
727,59.98215207423027,2035.150381746873,0.05,121
728,573.9326742216679,2035.150381746873,0.05,107
729,99.03564681463854,2035.150381746873,0.05,80
730,153.46684279374495,2035.150381746873,0.05,131
731,429.3689759291333,2035.150381746873,0.05,131
732,-519.0555013972596,2035.150381746873,0.05,171
733,1219.1504428587618,2035.150381746873,0.05,143
734,144.00036499980934,2035.150381746873,0.05,134
735,-322.44359719687327,2035.150381746873,0.05,113
736,-232.40749947877293,2035.150381746873,0.05,112
737,-761.6168699248938,2035.150381746873,0.05,133
738,305.71134010545165,2035.150381746873,0.05,88
739,-397.1258111523073,2035.150381746873,0.05,363
740,-132.79424278038528,2035.150381746873,0.05,186
741,-94.7540262608859,2035.150381746873,0.05,274
742,213.4710652279698,2035.150381746873,0.05,272
743,495.879321586395,2035.150381746873,0.05,146
744,-450.964615839358,2035.150381746873,0.05,218
745,-1324.8236936436563,2035.150381746873,0.05,268
746,225.97632052316544,2035.150381746873,0.05,444
747,-1.7685650577782326,2035.150381746873,0.05,148
748,503.6070329327324,2035.150381746873,0.05,152
749,472.13653554465736,2035.150381746873,0.05,108
750,-1711.6851353626885,2035.150381746873,0.05,105
751,496.92527461340865,2035.150381746873,0.05,252
752,-1336.2864505906866,2035.150381746873,0.05,233
753,-180.70896623244994,2035.150381746873,0.05,179
754,-194.73314006792612,2035.150381746873,0.05,107
755,1061.8286833320858,2035.150381746873,0.05,156
756,-1620.8287850843328,2035.150381746873,0.05,228
757,267.20478761233016,2035.150381746873,0.05,89
758,-353.9306001325947,2035.150381746873,0.05,179
759,441.1384399970284,2035.150381746873,0.05,106
760,-893.364261260499,2035.150381746873,0.05,208
761,-340.51210412544106,2035.150381746873,0.05,233
762,-1012.7385410953484,2035.150381746873,0.05,505
763,-76.01333689666126,2035.150381746873,0.05,233
764,343.7073980368982,2035.150381746873,0.05,129
765,-298.53233597462145,2035.150381746873,0.05,340
766,-265.4867926105262,2035.150381746873,0.05,112
767,-1194.3454808453732,2035.150381746873,0.05,415
768,392.75205903281085,2035.150381746873,0.05,128
769,-155.23193297322223,2035.150381746873,0.05,171
770,5.338396322839799,2035.150381746873,0.05,166
771,252.02195046486986,2035.150381746873,0.05,184
772,642.9136581846328,2035.150381746873,0.05,205
773,319.247486175512,2035.150381746873,0.05,160
774,-989.1724999030425,2035.150381746873,0.05,228
775,-557.544784510553,2035.150381746873,0.05,224
776,-629.6737605538478,2035.150381746873,0.05,170
777,-437.92316263575844,2035.150381746873,0.05,164
778,96.54429181060118,2035.150381746873,0.05,213
779,-409.0528066364411,2035.150381746873,0.05,217
780,-248.7559082997459,2035.150381746873,0.05,119
781,80.8409779825347,2035.150381746873,0.05,140
782,391.66699791990845,2035.150381746873,0.05,166
783,-305.1103752587769,2035.150381746873,0.05,254
784,194.4347631557232,2035.150381746873,0.05,153
785,308.20226780524035,2035.150381746873,0.05,156
786,-727.9465386143579,2035.150381746873,0.05,171
787,-814.2477956457838,2035.150381746873,0.05,173
788,-363.734172233512,2035.150381746873,0.05,189
789,-1191.304214594375,2035.150381746873,0.05,142
790,-801.8679478789595,2035.150381746873,0.05,161
791,-994.2860008809307,2035.150381746873,0.05,285
792,123.90234278970433,2035.150381746873,0.05,142
793,-243.83411546262278,2035.150381746873,0.05,196
794,289.71282908747185,2035.150381746873,0.05,359
795,-648.0780600775461,2035.150381746873,0.05,106
796,236.84432072172535,2035.150381746873,0.05,280
797,692.4243093009305,2035.150381746873,0.05,774
798,-309.58530957789526,2035.150381746873,0.05,138
799,-609.437372825777,2035.150381746873,0.05,132
800,484.0066407288425,2035.150381746873,0.05,124
801,-742.8368514693864,2035.150381746873,0.05,215
802,-1160.414835407004,2035.150381746873,0.05,308
803,-874.4441714096517,2035.150381746873,0.05,178
804,-158.44512422076195,2035.150381746873,0.05,297
805,-592.8738099315237,2035.150381746873,0.05,147
806,-701.1700188472637,2035.150381746873,0.05,108
807,118.08205534442004,2035.150381746873,0.05,170
808,-467.40191744803246,2035.150381746873,0.05,109
809,-81.10290008232118,2035.150381746873,0.05,107
810,-95.48136090850858,2035.150381746873,0.05,331
811,301.93070096469864,2035.150381746873,0.05,84
812,-1696.1690846939305,2035.150381746873,0.05,243
813,637.2624815158483,2035.150381746873,0.05,157
814,373.8124374129743,2035.150381746873,0.05,212
815,135.0967069666583,2035.150381746873,0.05,118
816,-796.7224840448155,2035.150381746873,0.05,235
817,-293.6212630224861,2035.150381746873,0.05,182
818,-899.2171247117319,2035.150381746873,0.05,171
819,-1523.4349228018311,2035.150381746873,0.05,273
820,-65.16081542098209,2035.150381746873,0.05,170
821,-312.39123021623004,2035.150381746873,0.05,197
822,318.5806704803733,2035.150381746873,0.05,219
823,130.62880484779953,2035.150381746873,0.05,159
824,-849.8396205409447,2035.150381746873,0.05,225
825,-89.09441129089987,2035.150381746873,0.05,181
826,-1458.71751886751,2035.150381746873,0.05,143
827,153.2439858855082,2035.150381746873,0.05,304
828,-144.76447089236035,2035.150381746873,0.05,260
829,-604.6599363816736,2035.150381746873,0.05,216
830,170.56549365171009,2035.150381746873,0.05,133
831,-527.9170951786843,2035.150381746873,0.05,257
832,806.8123140908383,2035.150381746873,0.05,134
833,-989.319112181081,2035.150381746873,0.05,177
834,-1698.5540041118174,2035.150381746873,0.05,107
835,-729.1801295514922,2035.150381746873,0.05,204
836,237.81471636993956,2035.150381746873,0.05,114
837,-1000.9394341729192,2035.150381746873,0.05,264
838,263.0955906890317,2035.150381746873,0.05,172
839,-1658.7293812614464,2035.150381746873,0.05,504
840,107.6871803087322,2035.150381746873,0.05,114
841,1138.549939406023,2035.150381746873,0.05,303
842,349.1091267882714,2035.150381746873,0.05,85
843,-512.5507603175079,2035.150381746873,0.05,225
844,496.62339096359847,2035.150381746873,0.05,82
845,-264.4554251365155,2035.150381746873,0.05,98
846,353.85050350163124,2035.150381746873,0.05,111
847,-916.8008317522099,2035.150381746873,0.05,110
848,-119.92500320295562,2035.150381746873,0.05,85
849,-772.0978392079421,2035.150381746873,0.05,185
850,817.9532362001798,2035.150381746873,0.05,289
851,394.88152133929157,2035.150381746873,0.05,97
852,-707.4089539311221,2035.150381746873,0.05,183
853,-1682.4798668356632,2035.150381746873,0.05,178
854,7.911523351304822,2035.150381746873,0.05,174
855,85.06680854356273,2035.150381746873,0.05,175
856,869.941243267506,2035.150381746873,0.05,65
857,-449.86337169297644,2035.150381746873,0.05,285
858,-1008.6777259406281,2035.150381746873,0.05,123
859,673.9760278657102,2035.150381746873,0.05,158
860,-1901.7317498525201,2035.150381746873,0.05,152
861,307.1399740903055,2035.150381746873,0.05,79
862,535.3310600613429,2035.150381746873,0.05,139
863,205.11608703671732,2035.150381746873,0.05,229
864,-53.74088930927064,2035.150381746873,0.05,113
865,874.5702822369956,2035.150381746873,0.05,322
866,269.19685724707574,2035.150381746873,0.05,157
867,1127.811944611838,2035.150381746873,0.05,216
868,-1604.923755706636,2035.150381746873,0.05,300
869,92.03444097452962,2035.150381746873,0.05,338
870,-149.4074706776555,2035.150381746873,0.05,122
871,-1634.9248156609074,2035.150381746873,0.05,177
872,1466.1568483036683,2035.150381746873,0.05,165
873,1145.5695514554127,2035.150381746873,0.05,259
874,-766.4503082969413,2035.150381746873,0.05,313
875,1341.9710261810965,2035.150381746873,0.05,380
876,611.7798945048003,2035.150381746873,0.05,112
877,-219.0712003430565,2035.150381746873,0.05,272
878,-141.32449463745502,2035.150381746873,0.05,87
879,-1943.0573648172008,2035.150381746873,0.05,158
880,-254.13742268120018,2035.150381746873,0.05,116
881,677.8329527214242,2035.150381746873,0.05,164
882,587.7267528060538,2035.150381746873,0.05,109
883,-951.6657360440729,2035.150381746873,0.05,192
884,376.75140982153675,2035.150381746873,0.05,126
885,-313.3020810458802,2035.150381746873,0.05,134
886,-609.5456461324818,2035.150381746873,0.05,184
887,88.64443577271095,2035.150381746873,0.05,255
888,555.3397249584548,2035.150381746873,0.05,178
889,397.4632523414466,2035.150381746873,0.05,117
890,902.454627810575,2035.150381746873,0.05,126
891,996.2998778785793,2035.150381746873,0.05,214
892,496.3488351252472,2035.150381746873,0.05,205
893,-691.4679640633356,2035.150381746873,0.05,163
894,-353.85218058077953,2035.150381746873,0.05,178
895,-926.027626921496,2035.150381746873,0.05,168
896,-1149.957107259713,2035.150381746873,0.05,151
897,-1574.3495431184606,2035.150381746873,0.05,113
898,-558.6324417163595,2035.150381746873,0.05,277
899,193.20965043002934,2035.150381746873,0.05,139
900,-1700.012281321753,2035.150381746873,0.05,196
901,-93.25973529146677,2035.150381746873,0.05,221
902,-182.54595984996968,2035.150381746873,0.05,210
903,-9.310995121335509,2035.150381746873,0.05,150
904,-1295.9959849403951,2035.150381746873,0.05,128
905,-412.2535903225007,2035.150381746873,0.05,147
906,-138.4200647991904,2035.150381746873,0.05,183
907,-1092.2473756356635,2035.150381746873,0.05,104
908,203.31178755005203,2035.150381746873,0.05,227
909,-184.8199894148097,2035.150381746873,0.05,147
910,-52.047952735768376,2035.150381746873,0.05,113
911,-392.12093695756494,2035.150381746873,0.05,156
912,108.86997179437526,2035.150381746873,0.05,222
913,-333.8192462489676,2035.150381746873,0.05,151
914,-256.3964547689957,2035.150381746873,0.05,121
915,400.55752664851366,2035.150381746873,0.05,115
916,-877.6550048173917,2035.150381746873,0.05,507
917,-626.4874476710625,2035.150381746873,0.05,156
918,-698.7712340505686,2035.150381746873,0.05,168
919,422.8916835533448,2035.150381746873,0.05,145
920,293.81989477768093,2035.150381746873,0.05,161
921,-737.3160493964983,2035.150381746873,0.05,167
922,945.5019630844381,2035.150381746873,0.05,178
923,-673.275127819556,2035.150381746873,0.05,192
924,-1321.345863298408,2035.150381746873,0.05,208
925,-446.90474722943077,2035.150381746873,0.05,207
926,7.132683542925406,2035.150381746873,0.05,235
927,391.7208610145781,2035.150381746873,0.05,193
928,554.3054863558259,2035.150381746873,0.05,89
929,155.26708835286286,2035.150381746873,0.05,126
930,-497.60226424391374,2035.150381746873,0.05,275
931,-397.0793412361786,2035.150381746873,0.05,330
932,-350.32677243237686,2035.150381746873,0.05,359
933,-1360.7809290501266,2035.150381746873,0.05,162
934,-458.88014322456206,2035.150381746873,0.05,117
935,489.47728604539884,2035.150381746873,0.05,234
936,-763.365343486473,2035.150381746873,0.05,184
937,227.9577423336234,2035.150381746873,0.05,216
938,1040.104672575025,2035.150381746873,0.05,306
939,-157.6536644723019,2035.150381746873,0.05,193
940,-199.1123883877392,2035.150381746873,0.05,85
941,-937.9369829430634,2035.150381746873,0.05,174
942,178.48068244901594,2035.150381746873,0.05,196
943,124.97591591686796,2035.150381746873,0.05,224
944,-1473.4120845242817,2035.150381746873,0.05,158
945,137.0179534382878,2035.150381746873,0.05,225
946,-2119.1016494458736,2035.150381746873,0.05,204
947,364.5481015648131,2035.150381746873,0.05,199
948,206.68772420408527,2035.150381746873,0.05,367
949,-222.70433565024837,2035.150381746873,0.05,101
950,16.47055325024735,2035.150381746873,0.05,167
951,-502.1605270111297,2035.150381746873,0.05,212
952,-736.5119150805722,2035.150381746873,0.05,148
953,-551.2848409277492,2035.150381746873,0.05,162
954,379.3987299446412,2035.150381746873,0.05,219
955,-93.30343156349909,2035.150381746873,0.05,186
956,-2046.477743232724,2035.150381746873,0.05,207
957,170.30772768368388,2035.150381746873,0.05,238
958,-361.12888347857165,2035.150381746873,0.05,139
959,140.06272882007693,2035.150381746873,0.05,299
960,-1190.978406894309,2035.150381746873,0.05,213
961,-1263.6489731946504,2035.150381746873,0.05,101
962,136.93574909405038,2035.150381746873,0.05,171
963,-482.81182808593053,2035.150381746873,0.05,199
964,190.50501991961437,2035.150381746873,0.05,142
965,117.47985865569876,2035.150381746873,0.05,82
966,-428.2587482862457,2035.150381746873,0.05,145
967,-251.71659345794365,2035.150381746873,0.05,88
968,157.23516135456362,2035.150381746873,0.05,263
969,-164.49120352946943,2035.150381746873,0.05,225
970,-771.2569459505855,2035.150381746873,0.05,152
971,-1093.6267614596782,2035.150381746873,0.05,129
972,-1250.5219145289398,2035.150381746873,0.05,151
973,-1286.4661863565957,2035.150381746873,0.05,195
974,410.3310991385274,2035.150381746873,0.05,158
975,-949.0295501831515,2035.150381746873,0.05,187
976,584.5745081322304,2035.150381746873,0.05,241
977,-447.9207767302046,2035.150381746873,0.05,111
978,1036.2830962961987,2035.150381746873,0.05,107
979,138.36569713850872,2035.150381746873,0.05,312
980,-264.2320441935394,2035.150381746873,0.05,136
981,217.1754698317866,2035.150381746873,0.05,95
982,-153.32129601416,2035.150381746873,0.05,125
983,221.5602968587666,2035.150381746873,0.05,287
984,-177.81730021930434,2035.150381746873,0.05,97
985,-647.2253064292809,2035.150381746873,0.05,213
986,-461.29670547350156,2035.150381746873,0.05,87
987,-185.11698455977398,2035.150381746873,0.05,112
988,937.7526919523466,2035.150381746873,0.05,164
989,992.0714151905681,2035.150381746873,0.05,162
990,255.52415206001615,2035.150381746873,0.05,184
991,392.0153580618412,2035.150381746873,0.05,130
992,506.27469218857095,2035.150381746873,0.05,108
993,-646.1512728186151,2035.150381746873,0.05,250
994,-488.29352218174245,2035.150381746873,0.05,186
995,353.0676783359188,2035.150381746873,0.05,140
996,-158.70783109843796,2035.150381746873,0.05,255
997,-802.0111665919733,2035.150381746873,0.05,86
998,99.55396187271049,2035.150381746873,0.05,294
999,-590.6346739831338,2035.150381746873,0.05,94
1000,615.4747077293478,2035.150381746873,0.05,150
1001,-864.2031943361478,2035.150381746873,0.05,274
1002,-306.3166933518055,2035.150381746873,0.05,407
1003,605.4775673730167,2035.150381746873,0.05,149
1004,47.93658965386385,2035.150381746873,0.05,217
1005,1396.4773852660899,2035.150381746873,0.05,275
1006,70.04818583233669,2035.150381746873,0.05,120
1007,-216.26636243965595,2035.150381746873,0.05,167
1008,-485.0435102632234,2035.150381746873,0.05,129
1009,669.4165907126078,2035.150381746873,0.05,82
1010,195.72015844153657,2035.150381746873,0.05,201
1011,172.4509195328012,2035.150381746873,0.05,212
1012,-97.90978942542688,2035.150381746873,0.05,137
1013,-338.46759666364824,2035.150381746873,0.05,168
1014,-711.7152763190585,2035.150381746873,0.05,365
1015,204.3020641857861,2035.150381746873,0.05,130
1016,-817.5889883967716,2035.150381746873,0.05,141
1017,-405.940527183566,2035.150381746873,0.05,183
1018,786.873221593377,2035.150381746873,0.05,248
1019,630.4303739816976,2035.150381746873,0.05,475
1020,-341.0564471821799,2035.150381746873,0.05,161
1021,-989.1190716197686,2035.150381746873,0.05,141
1022,242.41112199386134,2035.150381746873,0.05,106
1023,649.9631433828969,2035.150381746873,0.05,602
1024,152.0504244300671,2035.150381746873,0.05,119
1025,-695.4759471764137,2035.150381746873,0.05,206
1026,157.93953374169132,2035.150381746873,0.05,85
1027,350.7563744527124,2035.150381746873,0.05,166
1028,505.2273468895123,2035.150381746873,0.05,143
1029,1715.924736714593,2035.150381746873,0.05,184
1030,462.286714838051,2035.150381746873,0.05,86
1031,994.9735328263953,2035.150381746873,0.05,93
1032,-894.4123979524741,2035.150381746873,0.05,283
1033,395.41407303422307,2035.150381746873,0.05,122
1034,-332.8410579000538,2035.150381746873,0.05,107
1035,-999.679339280513,2035.150381746873,0.05,267
1036,-362.65472725372524,2035.150381746873,0.05,168
1037,-499.1166985306436,2035.150381746873,0.05,187
1038,316.53112469138136,2035.150381746873,0.05,189
1039,-80.04190256209995,2035.150381746873,0.05,297
1040,-646.2369759895155,2035.150381746873,0.05,98
1041,-300.48146508085824,2035.150381746873,0.05,205
1042,-463.57526038009496,2035.150381746873,0.05,325
1043,727.3027217256106,2035.150381746873,0.05,253
1044,-545.0651328357274,2035.150381746873,0.05,205
1045,646.8583684483799,2035.150381746873,0.05,97
1046,-345.85558002235575,2035.150381746873,0.05,148
1047,990.6657767555976,2035.150381746873,0.05,207
1048,-822.4160336833368,2035.150381746873,0.05,414
1049,-401.26003958911974,2035.150381746873,0.05,424
1050,185.76838881129333,2035.150381746873,0.05,152
1051,24.725822307902945,2035.150381746873,0.05,159
1052,449.4603749780208,2035.150381746873,0.05,78
1053,-798.3872778566879,2035.150381746873,0.05,180
1054,567.9388722842491,2035.150381746873,0.05,106
1055,765.2288578336577,2035.150381746873,0.05,188
1056,-214.77870236304193,2035.150381746873,0.05,94
1057,-1058.0846324703111,2035.150381746873,0.05,182
1058,377.98063458283673,2035.150381746873,0.05,201
1059,220.07960084022534,2035.150381746873,0.05,224
1060,134.3738342672866,2035.150381746873,0.05,285
1061,-41.574498789612335,2035.150381746873,0.05,102
1062,829.7570978236593,2035.150381746873,0.05,301
1063,688.3065373021038,2035.150381746873,0.05,252
1064,-87.69919571925857,2035.150381746873,0.05,184
1065,-749.7473317132203,2035.150381746873,0.05,151
1066,-534.8386912482974,2035.150381746873,0.05,98
1067,-165.57021687581891,2035.150381746873,0.05,194
1068,2.872075858703738,2035.150381746873,0.05,425
1069,74.194869411024,2035.150381746873,0.05,190
1070,-147.67226314444792,2035.150381746873,0.05,200
1071,-431.29523205558144,2035.150381746873,0.05,455
1072,-301.9435771740027,2035.150381746873,0.05,124
1073,195.82503103040108,2035.150381746873,0.05,143
1074,-128.56038022029838,2035.150381746873,0.05,156
1075,-1116.2528538745737,2035.150381746873,0.05,190
1076,-471.63472841067187,2035.150381746873,0.05,331
1077,1010.8748644067882,2035.150381746873,0.05,128
1078,-160.72053757321282,2035.150381746873,0.05,232
1079,-362.5229367086565,2035.150381746873,0.05,169
1080,851.2209196044214,2035.150381746873,0.05,191
1081,-219.2544849122737,2035.150381746873,0.05,117
1082,-906.9573890453253,2035.150381746873,0.05,299
1083,335.2576299288146,2035.150381746873,0.05,155
1084,-44.47612163670033,2035.150381746873,0.05,148
1085,255.12674416006394,2035.150381746873,0.05,90
1086,-75.50385488117354,2035.150381746873,0.05,268
1087,457.07843526001625,2035.150381746873,0.05,110
1088,-393.2672430258606,2035.150381746873,0.05,223
1089,-37.64112636738014,2035.150381746873,0.05,302
1090,125.90243820857268,2035.150381746873,0.05,175
1091,-196.08942366075325,2035.150381746873,0.05,124
1092,-300.6955896963025,2035.150381746873,0.05,100
1093,47.02324462421484,2035.150381746873,0.05,295
1094,518.9290975883932,2035.150381746873,0.05,98
1095,-164.55300133484843,2035.150381746873,0.05,767
1096,166.17756900570544,2035.150381746873,0.05,96
1097,317.5562920814075,2035.150381746873,0.05,335
1098,-586.8285485806571,2035.150381746873,0.05,116
1099,-285.0931200174664,2035.150381746873,0.05,124
1100,192.29313386989247,2035.150381746873,0.05,133
1101,134.59968356819468,2035.150381746873,0.05,142
1102,1275.0674215066988,2035.150381746873,0.05,1000
1103,259.02942549715317,2035.150381746873,0.05,103
1104,423.6390478380972,2035.150381746873,0.05,108
1105,61.444042452388885,2035.150381746873,0.05,80
1106,723.0145285736038,2035.150381746873,0.05,344
1107,240.82503689237183,2035.150381746873,0.05,401
1108,25.190393887947266,2035.150381746873,0.05,84
1109,-325.50031808684685,2035.150381746873,0.05,150
1110,-583.9610589942467,2035.150381746873,0.05,155
1111,-64.26532237716037,2035.150381746873,0.05,86
1112,592.9525733518176,2035.150381746873,0.05,142
1113,-981.4103118681414,2035.150381746873,0.05,178
1114,241.9186546331748,2035.150381746873,0.05,154
1115,-1054.9641378923006,2035.150381746873,0.05,179
1116,-409.4728839522561,2035.150381746873,0.05,206
1117,-1920.1180981240907,2035.150381746873,0.05,203
1118,-333.108239219363,2035.150381746873,0.05,454
1119,-100.89302430471184,2035.150381746873,0.05,123
1120,273.70503588140946,2035.150381746873,0.05,194
1121,380.7004919746337,2035.150381746873,0.05,151
1122,638.177632588141,2035.150381746873,0.05,76
1123,-480.60960075592175,2035.150381746873,0.05,93
1124,-260.30834068114154,2035.150381746873,0.05,193
1125,131.99500166100756,2035.150381746873,0.05,330
1126,-1483.250855905149,2035.150381746873,0.05,234
1127,510.917690976132,2035.150381746873,0.05,151
1128,220.92966946248043,2035.150381746873,0.05,369
1129,753.1837629844179,2035.150381746873,0.05,69
1130,-508.0322546841562,2035.150381746873,0.05,209
1131,-621.1398105731364,2035.150381746873,0.05,151
1132,115.5656361408362,2035.150381746873,0.05,118
1133,-159.02194500872156,2035.150381746873,0.05,482
1134,-721.902734014649,2035.150381746873,0.05,126
1135,312.84892241204807,2035.150381746873,0.05,248
1136,464.57567181459945,2035.150381746873,0.05,170
1137,-329.91183254472094,2035.150381746873,0.05,86
1138,86.1158956097263,2035.150381746873,0.05,89
1139,-632.9562463482805,2035.150381746873,0.05,214
1140,403.56098578602166,2035.150381746873,0.05,199
1141,52.37388149376329,2035.150381746873,0.05,380
1142,64.03160924488793,2035.150381746873,0.05,88
1143,580.6492793940594,2035.150381746873,0.05,232
1144,183.32279044442294,2035.150381746873,0.05,81
1145,-573.0733542580442,2035.150381746873,0.05,127
1146,1162.8998217835153,2035.150381746873,0.05,260
1147,-303.9775861053281,2035.150381746873,0.05,201
1148,-422.7918365738112,2035.150381746873,0.05,318
1149,54.62896565551068,2035.150381746873,0.05,285
1150,-75.235137204166,2035.150381746873,0.05,202
1151,846.5544687908264,2035.150381746873,0.05,127
1152,-171.53878119406363,2035.150381746873,0.05,305
1153,62.417763794248685,2035.150381746873,0.05,144
1154,-359.04191202459015,2035.150381746873,0.05,210
1155,-602.5298876102261,2035.150381746873,0.05,166
1156,107.47529431155658,2035.150381746873,0.05,124
1157,623.7004362339349,2035.150381746873,0.05,138
1158,-1359.4906380384107,2035.150381746873,0.05,106
1159,-743.4434715393913,2035.150381746873,0.05,205
1160,-789.0002941860287,2035.150381746873,0.05,254
1161,344.4228948950156,2035.150381746873,0.05,185
1162,412.5273392006475,2035.150381746873,0.05,106
1163,-1122.0703041398115,2035.150381746873,0.05,150
1164,-1536.943286717079,2035.150381746873,0.05,192
1165,-1984.9085923008197,2035.150381746873,0.05,195
1166,958.4081683188213,2035.150381746873,0.05,114
1167,-1495.5906578870117,2035.150381746873,0.05,96
1168,-170.55850588012618,2035.150381746873,0.05,137
1169,-1144.3407005990687,2035.150381746873,0.05,147
1170,-119.28168043134065,2035.150381746873,0.05,148
1171,1010.6382084543718,2035.150381746873,0.05,82
1172,-262.9129131550619,2035.150381746873,0.05,87
1173,492.11431652955116,2035.150381746873,0.05,151
1174,598.5952329777364,2035.150381746873,0.05,87
1175,-585.9453277931409,2035.150381746873,0.05,184
1176,520.6924205231276,2035.150381746873,0.05,173
1177,-782.5579466654165,2035.150381746873,0.05,256
1178,346.7186779137339,2035.150381746873,0.05,124
1179,-437.554758301726,2035.150381746873,0.05,343
1180,-129.4923088584751,2035.150381746873,0.05,115
1181,114.75633881019303,2035.150381746873,0.05,133
1182,-574.782219513025,2035.150381746873,0.05,194
1183,-340.26474861207873,2035.150381746873,0.05,145
1184,604.624636256104,2035.150381746873,0.05,180
1185,-701.4133895522607,2035.150381746873,0.05,174
1186,-248.4017522460863,2035.150381746873,0.05,136
1187,255.78844490851884,2035.150381746873,0.05,123
1188,-464.68070737513085,2035.150381746873,0.05,128
1189,-517.7313982024589,2035.150381746873,0.05,168
1190,-389.30103647938495,2035.150381746873,0.05,128
1191,-395.03600340353023,2035.150381746873,0.05,137
1192,1708.3110890352468,2035.150381746873,0.05,178
1193,464.7073772504298,2035.150381746873,0.05,258
1194,-520.4270289808485,2035.150381746873,0.05,151
1195,222.82024444632748,2035.150381746873,0.05,322
1196,97.9325214438918,2035.150381746873,0.05,240
1197,904.7823849904348,2035.150381746873,0.05,76
1198,266.21755424574894,2035.150381746873,0.05,60
1199,741.3393210638717,2035.150381746873,0.05,70
1200,408.1578068454662,2035.150381746873,0.05,116
1201,875.3990035069837,2035.150381746873,0.05,91
1202,809.5967221364201,2035.150381746873,0.05,151
1203,965.9897008595217,2035.150381746873,0.05,134
1204,-412.6683027808349,2035.150381746873,0.05,347
1205,-583.7662930350596,2035.150381746873,0.05,108
1206,-207.94957689323405,2035.150381746873,0.05,126
1207,-320.092139213006,2035.150381746873,0.05,141
1208,-249.35030162646808,2035.150381746873,0.05,226
1209,-472.12569880116894,2035.150381746873,0.05,188
1210,-419.9531553212091,2035.150381746873,0.05,289
1211,127.80681230694836,2035.150381746873,0.05,184
1212,-1821.7204239661332,2035.150381746873,0.05,115
1213,461.16765533903185,2035.150381746873,0.05,162
1214,-283.2311847149683,2035.150381746873,0.05,203
1215,-204.7906641903046,2035.150381746873,0.05,143
1216,253.999042950412,2035.150381746873,0.05,240
1217,954.9391406725307,2035.150381746873,0.05,131
1218,578.2927050736948,2035.150381746873,0.05,150
1219,-424.9685249043348,2035.150381746873,0.05,404
1220,352.2385684030696,2035.150381746873,0.05,191
1221,-861.0939489041427,2035.150381746873,0.05,179
1222,-510.2735546523852,2035.150381746873,0.05,161
1223,-100.55953833748367,2035.150381746873,0.05,136
1224,-107.45145499354021,2035.150381746873,0.05,121
1225,1243.2757901305056,2035.150381746873,0.05,204
1226,-561.5712627893856,2035.150381746873,0.05,165
1227,347.53156529997887,2035.150381746873,0.05,235
1228,-1198.016631831165,2035.150381746873,0.05,115
1229,-278.87102946744653,2035.150381746873,0.05,129
1230,-875.8602575587931,2035.150381746873,0.05,150
1231,-707.0149460531061,2035.150381746873,0.05,143
1232,-924.1665533097821,2035.150381746873,0.05,190
1233,-785.1739735733031,2035.150381746873,0.05,149
1234,601.2040991431122,2035.150381746873,0.05,252
1235,-1022.9472489843099,2035.150381746873,0.05,144
1236,593.9632234161037,2035.150381746873,0.05,306
1237,1620.3607573241688,2035.150381746873,0.05,293
1238,-179.9801723947421,2035.150381746873,0.05,147
1239,-161.52833012415317,2035.150381746873,0.05,135
1240,786.0237960838506,2035.150381746873,0.05,136
1241,-288.36182390476006,2035.150381746873,0.05,270
1242,-517.2681952162095,2035.150381746873,0.05,133
1243,774.6352165772674,2035.150381746873,0.05,162
1244,-755.2521684366832,2035.150381746873,0.05,87
1245,419.1726185729008,2035.150381746873,0.05,160
1246,542.1061544753886,2035.150381746873,0.05,117
1247,1057.236455412527,2035.150381746873,0.05,165
1248,536.5346996886482,2035.150381746873,0.05,136
1249,-280.47729422226075,2035.150381746873,0.05,268
1250,84.98695311161896,2035.150381746873,0.05,178
1251,-225.33188022339982,2035.150381746873,0.05,162
1252,-290.47558221536997,2035.150381746873,0.05,166
1253,-283.5058847771327,2035.150381746873,0.05,209
1254,1163.9255999853144,2035.150381746873,0.05,169
1255,-444.718059661958,2035.150381746873,0.05,139
1256,-883.3363074949239,2035.150381746873,0.05,408
1257,1077.7143756723956,2035.150381746873,0.05,237
1258,-167.07701847167664,2035.150381746873,0.05,172
1259,-205.77537386735025,2035.150381746873,0.05,149
1260,-582.0953218261707,2035.150381746873,0.05,155
1261,453.7074485515093,2035.150381746873,0.05,319
1262,-573.7710543802987,2035.150381746873,0.05,379
1263,285.50446468495124,2035.150381746873,0.05,144
1264,-685.7123859401654,2035.150381746873,0.05,106
1265,282.33446272991637,2035.150381746873,0.05,152
1266,56.81656932828264,2035.150381746873,0.05,449
1267,286.5218030184101,2035.150381746873,0.05,141
1268,-556.7395291123107,2035.150381746873,0.05,183
1269,-162.77808852712997,2035.150381746873,0.05,172
1270,652.3235930397896,2035.150381746873,0.05,128
1271,-711.7164124383621,2035.150381746873,0.05,161
1272,-239.18572128789765,2035.150381746873,0.05,133
1273,-950.2984178191957,2035.150381746873,0.05,240
1274,-47.33010502617526,2035.150381746873,0.05,160
1275,-231.4174921649876,2035.150381746873,0.05,181
1276,385.1740509568526,2035.150381746873,0.05,100
1277,671.7969325878836,2035.150381746873,0.05,251
1278,156.02191637157011,2035.150381746873,0.05,190
1279,-773.7361344354206,2035.150381746873,0.05,240
1280,-447.80781663356174,2035.150381746873,0.05,221
1281,228.57612579948045,2035.150381746873,0.05,666
1282,294.9773150635135,2035.150381746873,0.05,133
1283,479.260270990507,2035.150381746873,0.05,116
1284,-395.15851867263314,2035.150381746873,0.05,633
1285,9.419538276709545,2035.150381746873,0.05,280
1286,-548.2029055078333,2035.150381746873,0.05,206
1287,263.018132225159,2035.150381746873,0.05,144
1288,-568.4020529801021,2035.150381746873,0.05,158
1289,639.504736967865,2035.150381746873,0.05,136
1290,500.7638280752162,2035.150381746873,0.05,236
1291,-283.2727325328817,2035.150381746873,0.05,177
1292,273.77212816902215,2035.150381746873,0.05,114
1293,-410.86686055952396,2035.150381746873,0.05,134
1294,-440.9214625837478,2035.150381746873,0.05,222
1295,-345.05347415557503,2035.150381746873,0.05,155
1296,178.04643185195846,2035.150381746873,0.05,204
1297,-636.4305505025211,2035.150381746873,0.05,162
1298,340.79589827975826,2035.150381746873,0.05,129
1299,209.1113480957706,2035.150381746873,0.05,119
1300,-816.3756127179329,2035.150381746873,0.05,172
1301,-394.35685846843285,2035.150381746873,0.05,197
1302,-69.28180595337813,2035.150381746873,0.05,159
1303,201.98466283831908,2035.150381746873,0.05,86
1304,949.4349308043211,2035.150381746873,0.05,159
1305,-289.24101254106904,2035.150381746873,0.05,237
1306,-1175.6025364201162,2035.150381746873,0.05,156
1307,-676.9407489016367,2035.150381746873,0.05,156
1308,1706.0412559505428,2035.150381746873,0.05,190
1309,-286.663710627304,2035.150381746873,0.05,365
1310,-261.2519239118019,2035.150381746873,0.05,109
1311,-988.6825002368623,2035.150381746873,0.05,138
1312,117.70158619692324,2035.150381746873,0.05,496
1313,535.3982705085343,2035.150381746873,0.05,105
1314,205.66828223269977,2035.150381746873,0.05,89
1315,-220.41585986505447,2035.150381746873,0.05,161
1316,-339.48675381573935,2035.150381746873,0.05,249
1317,274.1987136044811,2035.150381746873,0.05,551
1318,108.25989833990889,2035.150381746873,0.05,192
1319,253.71739009467115,2035.150381746873,0.05,325
1320,-544.2965452405385,2035.150381746873,0.05,115
1321,758.9006277076753,2035.150381746873,0.05,234
1322,768.2677731836642,2035.150381746873,0.05,358
1323,747.6668186837996,2035.150381746873,0.05,92
1324,-224.10349296210643,2035.150381746873,0.05,239
1325,-105.05660696946347,2035.150381746873,0.05,175
1326,-377.2766598432336,2035.150381746873,0.05,175
1327,-834.041637728413,2035.150381746873,0.05,135
1328,410.751720153984,2035.150381746873,0.05,92
1329,-232.23139340265834,2035.150381746873,0.05,133
1330,852.67433923418,2035.150381746873,0.05,295
1331,374.147811137281,2035.150381746873,0.05,82
1332,-204.530271742698,2035.150381746873,0.05,243
1333,-565.6145738276978,2035.150381746873,0.05,205
1334,1223.0150697034023,2035.150381746873,0.05,161
1335,610.9032472804706,2035.150381746873,0.05,95
1336,-577.6813127397174,2035.150381746873,0.05,166
1337,-586.9694773798835,2035.150381746873,0.05,248
1338,-156.43640482197543,2035.150381746873,0.05,201
1339,-86.41948099662841,2035.150381746873,0.05,313
1340,225.85750151400748,2035.150381746873,0.05,178
1341,377.2668340576266,2035.150381746873,0.05,196
1342,290.91032353856485,2035.150381746873,0.05,117
1343,-1414.0663186362194,2035.150381746873,0.05,119
1344,28.254679979748744,2035.150381746873,0.05,198
1345,131.41330233731503,2035.150381746873,0.05,193
1346,161.28381043626086,2035.150381746873,0.05,186
1347,-221.09052139227424,2035.150381746873,0.05,160
1348,-291.8812408641427,2035.150381746873,0.05,174
1349,-792.7142701031073,2035.150381746873,0.05,188
1350,-552.7762148297645,2035.150381746873,0.05,100
1351,-31.77603401134138,2035.150381746873,0.05,384
1352,503.90581742993334,2035.150381746873,0.05,254
1353,828.047708534753,2035.150381746873,0.05,238
1354,-523.5270353598503,2035.150381746873,0.05,253
1355,-738.64675665557,2035.150381746873,0.05,189
1356,308.22426672159054,2035.150381746873,0.05,182
1357,-818.8174246857875,2035.150381746873,0.05,103
1358,-1456.3707341825304,2035.150381746873,0.05,99
1359,-158.27805314084117,2035.150381746873,0.05,219
1360,-994.3878776257377,2035.150381746873,0.05,108
1361,-158.83879080592487,2035.150381746873,0.05,168
1362,-696.6314694503619,2035.150381746873,0.05,369
1363,-167.63561062525798,2035.150381746873,0.05,340
1364,-529.6743345311534,2035.150381746873,0.05,116
1365,-1288.0794526750187,2035.150381746873,0.05,105
1366,235.05185156676475,2035.150381746873,0.05,266
1367,-1568.4241574583457,2035.150381746873,0.05,127
1368,-338.787651195561,2035.150381746873,0.05,93
1369,-1618.709527737911,2035.150381746873,0.05,109
1370,777.2470838376912,2035.150381746873,0.05,84
1371,-1417.6697989485804,2035.150381746873,0.05,177
1372,-529.7504290950501,2035.150381746873,0.05,143
1373,-343.8538434120428,2035.150381746873,0.05,173
1374,143.9886808758431,2035.150381746873,0.05,144
1375,562.241224060409,2035.150381746873,0.05,378
1376,115.87929590928775,2035.150381746873,0.05,133
1377,-1206.9508498410005,2035.150381746873,0.05,121
1378,-439.2314541272733,2035.150381746873,0.05,199
1379,1293.3839736266686,2035.150381746873,0.05,172
1380,-717.8583437017223,2035.150381746873,0.05,184
1381,597.7005664962662,2035.150381746873,0.05,86
1382,-167.4372432936275,2035.150381746873,0.05,149
1383,150.29156188622915,2035.150381746873,0.05,277
1384,115.15504685836254,2035.150381746873,0.05,246
1385,-211.31331273553997,2035.150381746873,0.05,264
1386,-68.04831076948358,2035.150381746873,0.05,171
1387,-286.00240989489055,2035.150381746873,0.05,280
1388,-562.609744636643,2035.150381746873,0.05,149
1389,-660.3451879805409,2035.150381746873,0.05,198
1390,-38.407044027710754,2035.150381746873,0.05,166
1391,-426.5671084463197,2035.150381746873,0.05,161
1392,-1206.6612277805925,2035.150381746873,0.05,177
1393,-489.01413679908933,2035.150381746873,0.05,310
1394,547.0841131058069,2035.150381746873,0.05,191
1395,1026.528848564921,2035.150381746873,0.05,188
1396,-476.51350230290495,2035.150381746873,0.05,188
1397,-147.0168318754511,2035.150381746873,0.05,185
1398,-1131.8628079176601,2035.150381746873,0.05,105
1399,-277.1531719758268,2035.150381746873,0.05,164
1400,-366.4228751525982,2035.150381746873,0.05,218
1401,616.7972729150081,2035.150381746873,0.05,256
1402,-781.4124229114248,2035.150381746873,0.05,153
1403,-1248.3349849603533,2035.150381746873,0.05,183
1404,244.9185431591402,2035.150381746873,0.05,138
1405,-561.0881950525911,2035.150381746873,0.05,240
1406,40.91985299503267,2035.150381746873,0.05,141
1407,-79.35335324323819,2035.150381746873,0.05,181
1408,66.3103360978647,2035.150381746873,0.05,267
1409,-510.3063801931876,2035.150381746873,0.05,184
1410,245.073527858199,2035.150381746873,0.05,175
1411,903.0651354049951,2035.150381746873,0.05,78
1412,853.8879104318971,2035.150381746873,0.05,149
1413,-538.2416763816989,2035.150381746873,0.05,169
1414,-279.831840255051,2035.150381746873,0.05,230
1415,529.8408385829309,2035.150381746873,0.05,121
1416,-38.10009346346487,2035.150381746873,0.05,264
1417,-475.9259012276543,2035.150381746873,0.05,180
1418,259.12182048684224,2035.150381746873,0.05,479
1419,-516.7217177014029,2035.150381746873,0.05,115
1420,-791.8498357060698,2035.150381746873,0.05,206
1421,42.397069266885865,2035.150381746873,0.05,168
1422,-292.185907571552,2035.150381746873,0.05,115
1423,-774.2737550950924,2035.150381746873,0.05,178
1424,277.8320260325829,2035.150381746873,0.05,126
1425,562.7115309415116,2035.150381746873,0.05,220
1426,-292.3337451042448,2035.150381746873,0.05,284
1427,352.1566968653883,2035.150381746873,0.05,184
1428,450.4219718594404,2035.150381746873,0.05,254
1429,-576.2968575385462,2035.150381746873,0.05,113
1430,428.59567724999704,2035.150381746873,0.05,486
1431,-560.1063861666962,2035.150381746873,0.05,153
1432,245.12199917132398,2035.150381746873,0.05,154
1433,509.37884796887556,2035.150381746873,0.05,369
1434,-226.16177584895104,2035.150381746873,0.05,161
1435,79.17453466443976,2035.150381746873,0.05,276
1436,340.03299156991807,2035.150381746873,0.05,95
1437,-414.64808782407,2035.150381746873,0.05,180
1438,474.55354117315164,2035.150381746873,0.05,175
1439,-813.7259847866799,2035.150381746873,0.05,192
1440,-296.95284877604854,2035.150381746873,0.05,171
1441,-520.3966758924976,2035.150381746873,0.05,172
1442,-256.4989741591669,2035.150381746873,0.05,131
1443,-369.714530539135,2035.150381746873,0.05,226
1444,-102.318023243276,2035.150381746873,0.05,329
1445,-1043.0619583836276,2035.150381746873,0.05,199
1446,-940.6127651426987,2035.150381746873,0.05,110
1447,-258.6708788817989,2035.150381746873,0.05,100
1448,522.4136306169783,2035.150381746873,0.05,93
1449,-329.03666170078054,2035.150381746873,0.05,95
1450,-657.4258341020266,2035.150381746873,0.05,103
1451,-173.0164457729943,2035.150381746873,0.05,154
1452,114.70211406386147,2035.150381746873,0.05,287
1453,753.916528116989,2035.150381746873,0.05,169
1454,202.53009118271984,2035.150381746873,0.05,98
1455,-442.16694937728084,2035.150381746873,0.05,265
1456,649.3621066768414,2035.150381746873,0.05,122
1457,607.2244703513595,2035.150381746873,0.05,97
1458,-481.3252891258985,2035.150381746873,0.05,197
1459,-1473.2951376278775,2035.150381746873,0.05,243
1460,-404.3032522280421,2035.150381746873,0.05,166
1461,-146.30446391289206,2035.150381746873,0.05,219
1462,-1982.0159240075309,2035.150381746873,0.05,227
1463,392.714786912263,2035.150381746873,0.05,99
1464,-956.9192006482742,2035.150381746873,0.05,267
1465,-50.8480293247344,2035.150381746873,0.05,311
1466,-235.60810496316617,2035.150381746873,0.05,165
1467,-979.0341274573184,2035.150381746873,0.05,188
1468,188.09911158680347,2035.150381746873,0.05,192
1469,73.02843323880006,2035.150381746873,0.05,139
1470,-1647.2599851433827,2035.150381746873,0.05,216
1471,-452.7281058601359,2035.150381746873,0.05,368
1472,-107.69645062445989,2035.150381746873,0.05,272
1473,-53.36368772777496,2035.150381746873,0.05,165
1474,273.2844561654658,2035.150381746873,0.05,95
1475,552.1285263608879,2035.150381746873,0.05,81
1476,308.4858649425587,2035.150381746873,0.05,88
1477,147.55264172035845,2035.150381746873,0.05,173
1478,-514.4103388711974,2035.150381746873,0.05,225
1479,308.7112005263273,2035.150381746873,0.05,241
1480,-199.09282908648356,2035.150381746873,0.05,447
1481,690.5802447525184,2035.150381746873,0.05,190
1482,577.9553101231263,2035.150381746873,0.05,148
1483,871.5247485704704,2035.150381746873,0.05,153
1484,59.381224949874195,2035.150381746873,0.05,177
1485,703.4635243052492,2035.150381746873,0.05,81
1486,-112.99875204971363,2035.150381746873,0.05,226
1487,-668.9086455945715,2035.150381746873,0.05,164
1488,-414.4901366182444,2035.150381746873,0.05,127
1489,-1509.3621589214044,2035.150381746873,0.05,272
1490,-27.47588204612373,2035.150381746873,0.05,168
1491,868.6029752233488,2035.150381746873,0.05,391
1492,1287.0112294511332,2035.150381746873,0.05,175
1493,465.1207463493222,2035.150381746873,0.05,338
1494,-345.3214792126414,2035.150381746873,0.05,184
1495,997.42083589561,2035.150381746873,0.05,557
1496,277.99113020776485,2035.150381746873,0.05,154
1497,902.191739242433,2035.150381746873,0.05,167
1498,-1097.9004929122893,2035.150381746873,0.05,150
1499,1198.7061481947385,2035.150381746873,0.05,62
1500,-377.1133129824391,2035.150381746873,0.05,168
